postcode,installations,output
0,4,4.46
200,1,0.08
800,109,2595.58
801,8,234.858
803,2,11.685
804,15,78.31
810,3294,21219.346
811,2,9
812,1811,11113.015
813,7,85.549
814,4,18.24
820,1097,11442.004
821,7,156.303
822,880,9240.174
828,241,3502.241
829,36,890.88
830,1942,12319.124
831,9,38.98
832,2255,13486.134
834,234,1703.882
835,493,3265.188
836,1169,8048.071
837,62,593.011
838,120,945.402
839,22,431.125
840,112,690.005
841,68,724.58
845,72,599.136
846,45,304.995
847,21,265.305
850,801,6357.314
851,46,325.375
852,152,1899.72
853,1,2.65
854,14,189.195
860,122,736.499
861,21,121.595
862,33,366.59
870,2553,15917.896
871,57,407.38
872,185,2257.817
873,133,994.439
874,18,140.85
875,128,820.836
880,23,239.201
881,12,107.73
885,13,598.6
886,10,151.69
1340,1,1.14
1355,1,1.02
1435,1,1.54
1460,1,4.75
1470,2,5.81
1475,3,11.985
1480,2,4.88
1485,1,2
1490,1,1.51
1495,2,11.23
1560,1,5.025
1570,2,11.15
1595,3,11.7
1630,7,33.785
1640,2,15.075
1655,3,17.845
1658,1,5.04
1660,2,13.1
1670,1,4.44
1680,2,9.38
1685,1,4.8
1710,1,4.8
1715,2,3.01
1730,4,13.49
1741,1,10
1755,2,5.1
1765,8,25.8
1790,4,115.9
1800,1,4.2
1805,2,14.72
1830,1,6.08
1835,1,1.14
1848,1,1.04
1860,3,25.42
1871,1,1.52
1875,1,1.61
1885,5,13.29
1890,5,18.04
2000,51,1288.986
2007,28,357.18
2008,82,725.594
2009,17,348.48
2010,180,1231.949
2011,44,535.919
2015,241,3467.992
2016,132,759.354
2017,73,987.095
2018,389,2119.622
2019,375,3485.67
2020,363,2571.467
2021,227,1314.471
2022,279,1458.164
2023,247,1778.525
2024,384,2419.738
2025,130,702.41
2026,571,2847.71
2027,78,542.764
2028,63,496.01
2029,178,1108.594
2030,435,2869.992
2031,700,3881.362
2032,371,1812.03
2033,203,1254.297
2034,470,2392.226
2035,1137,5745.391
2036,1200,6337.605
2037,279,1344.72
2038,349,1459.154
2039,254,1127.176
2040,841,4052.66
2041,474,1872.608
2042,523,2257.805
2043,134,657.414
2044,398,2181.449
2045,287,1999.971
2046,898,5033.815
2047,277,1348.403
2048,228,1219.824
2049,344,1622.133
2050,159,1308.536
2055,1,2.4
2057,19,116.855
2059,3,43.36
2060,200,1293.02
2061,21,144.165
2062,158,758.829
2063,397,2432.103
2064,268,2445.521
2065,648,3330.667
2066,1283,7286.62
2067,645,3253.791
2068,893,4815.806
2069,742,4258.094
2070,687,3920.482
2071,614,3676.071
2072,270,1724.257
2073,829,4897.671
2074,1257,6830.192
2075,1065,6417.019
2076,1208,6843.599
2077,1561,8316.696
2079,537,2542.787
2080,161,1145.7
2081,557,2309.937
2082,598,2782.765
2083,198,977.327
2084,310,2157.547
2085,927,4741.97
2086,928,4624.221
2087,893,4392.006
2088,816,5022.102
2089,102,657.066
2090,209,1024.801
2092,431,2556.564
2093,1077,5869.102
2094,175,798.455
2095,326,1828.349
2096,594,2865.151
2097,833,3868.26
2099,1567,7819.351
2100,1323,8022.654
2101,904,4538.787
2102,519,2724.711
2103,575,3647.739
2104,216,1336.135
2105,114,617.153
2106,398,1965.044
2107,777,4114.627
2108,112,575.46
2109,1,21.12
2110,414,2222.418
2111,636,3504.445
2112,1339,6896.121
2113,934,6275.85
2114,914,4471.686
2115,529,2630.057
2116,326,2689.008
2117,970,4875.647
2118,1592,6862.808
2119,715,3517.525
2120,1277,7399.527
2121,1507,6894.811
2122,1439,6296.939
2123,1,3.42
2124,6,147.085
2125,1567,7830.27
2126,1761,8132.539
2127,97,1771.715
2128,132,2445.21
2130,172,891.073
2131,506,2821.157
2132,418,2017.555
2133,395,1778.824
2134,340,1880.76
2135,899,5542.914
2136,321,2337.423
2137,939,4922.868
2138,440,2882.495
2140,202,1498.554
2141,1367,6578.308
2142,805,4616.904
2143,514,2774.492
2144,1222,7650.502
2145,4714,24559.558
2146,1352,5910.547
2147,3276,15927.307
2148,4915,26696.28
2150,289,2262.145
2151,967,5527.086
2152,582,2990.936
2153,5334,26145.283
2154,3268,17248.231
2155,7831,45351.893
2156,1480,10038.715
2157,393,3118.997
2158,679,5319.061
2159,476,3297.076
2160,1356,6713.589
2161,1485,8767.848
2162,1024,5683.84
2163,422,3197.959
2164,1778,17710.015
2165,2295,10969.56
2166,3003,13300.688
2167,963,4407.317
2168,3185,13789.176
2170,7596,44564.598
2171,3420,18268.723
2172,343,1844.754
2173,1275,5416.376
2174,1126,8032.855
2175,202,2873.073
2176,4062,19521.478
2177,1336,6178.294
2178,375,3932.579
2179,1379,9878.331
2190,1213,7665.755
2191,243,1108.645
2192,393,1786.099
2193,666,2987.225
2194,438,2289.366
2195,514,2574.141
2196,1312,6019.093
2197,548,2625.996
2198,494,2368.292
2199,887,4226.373
2200,1662,10807.332
2203,436,1769.447
2204,906,5872.451
2205,414,2233.487
2206,878,3846.874
2207,1096,5231.268
2208,652,4013.887
2209,857,3501.551
2210,1710,8672.501
2211,1009,6285.612
2212,965,6086.854
2213,1468,7169.648
2214,425,3052.514
2216,645,3272.93
2217,733,4045.773
2218,459,2119.79
2219,531,2861.334
2220,931,4604.621
2221,800,4496.592
2222,402,1861.635
2223,1050,5390.333
2224,707,4054.684
2225,336,1795.579
2226,852,3838.726
2227,694,3494.36
2228,833,4361.692
2229,1379,8860.184
2230,1314,7380.997
2231,225,1469.258
2232,1762,8832.212
2233,2122,10113.924
2234,2624,14443.409
2250,6355,36477.632
2251,3143,14652.552
2256,1435,6627.754
2257,2459,11327.769
2258,532,3141.508
2259,8102,40488.688
2260,2141,11061.223
2261,4460,21760.024
2262,2367,11028.876
2263,2579,11667.548
2264,2200,10433.975
2265,1095,5773.637
2267,354,1707.801
2278,375,1870.163
2280,2845,13329.624
2281,1723,8731.953
2282,1751,8750.637
2283,2955,13824.458
2284,1483,7678.626
2285,3576,18875.652
2286,513,2580.71
2287,4033,19343.326
2289,1589,7651.701
2290,3007,15210.489
2291,1066,5259.352
2292,216,1395.273
2293,193,1114.545
2294,113,848.111
2295,772,3570.653
2296,147,668.33
2297,180,705.312
2298,657,2899.569
2299,842,4101.29
2300,488,3046.754
2302,20,495.48
2303,733,3519.238
2304,1270,7133.859
2305,1115,5008.16
2306,77,447.385
2307,326,1338.283
2308,4,111.255
2311,155,868.865
2312,252,1254.729
2315,1879,8281.649
2316,970,4779.78
2317,865,4320.304
2318,2011,11478.803
2319,982,4221.009
2320,4557,30745.152
2321,2439,14468.801
2322,3112,18996.551
2323,2894,14590.869
2324,3938,18662.772
2325,3540,19642.363
2326,1037,5424.438
2327,847,4620.88
2328,311,2154.209
2329,286,1785.296
2330,2670,17170.845
2333,1376,8575.953
2334,410,2360.72
2335,1027,6654.602
2336,350,2207.523
2337,881,6046.008
2338,236,1431.77
2339,107,521.47
2340,6008,35002.558
2341,215,1248.28
2342,58,435.596
2343,591,3134.522
2344,120,609.408
2345,127,782.075
2346,456,2251.255
2347,289,1478.105
2350,3214,17411.327
2352,382,1672.719
2353,212,905.169
2354,406,2191.07
2355,83,362.395
2356,28,154.243
2357,1127,4671.55
2358,554,3002.785
2359,143,700.618
2360,2176,12081.367
2361,190,1021.24
2365,550,3338.089
2369,145,810.58
2370,1068,5834.612
2371,255,1309.013
2372,873,3805.881
2379,46,310.83
2380,1367,7912.642
2381,198,1482.24
2382,183,1063.365
2386,50,262.024
2387,16,70.09
2388,670,3129.23
2390,2387,9667.659
2395,125,562.91
2396,269,889.187
2397,81,499.35
2398,39,228.44
2399,124,925.615
2400,2448,13228.618
2401,51,302.465
2402,359,2076.955
2403,138,727.79
2404,321,1668.993
2405,86,448.201
2406,179,962.175
2408,50,473.18
2409,78,478.1
2410,40,257.77
2411,28,189.628
2415,79,496.635
2420,593,3216.707
2421,355,2464.455
2422,1015,5285.894
2423,619,3330.312
2424,76,318.97
2425,399,2567.965
2426,132,650.094
2427,885,3654.406
2428,3523,14647.388
2429,1696,8250.981
2430,5609,27832.111
2431,1043,4273.8
2439,864,4032.978
2440,3277,16845.221
2441,901,3842.559
2443,2081,7637.674
2444,7295,35727.815
2445,1394,6010.03
2446,2542,12803.189
2447,1308,6100.188
2448,1661,6478.867
2449,401,1717.938
2450,6407,33102.422
2452,2119,9714.096
2453,525,2288.921
2454,1558,6832.714
2455,543,2384.587
2456,2714,12274.704
2460,5206,27244.147
2462,515,2291.719
2463,1589,8267.936
2464,1464,6494.161
2465,45,330.565
2466,426,2091.23
2469,791,3693.732
2470,2997,15635.827
2471,511,2537.221
2472,446,1848.401
2473,666,2525.87
2474,1479,6705.938
2475,44,245.15
2476,93,504.027
2477,2836,12983.254
2478,6237,28973.159
2479,1176,6563.467
2480,9185,44137.731
2481,2503,14817.909
2482,1632,7808.49
2483,2385,10801.261
2484,4201,20842.422
2485,2176,9641.744
2486,7137,31820.602
2487,2892,16011.343
2488,636,2928.045
2489,1729,8229.372
2490,155,725.175
2500,1658,9990.839
2502,883,4363.917
2505,376,2110.832
2506,529,2637.501
2508,760,3847.664
2515,1180,5188.875
2516,614,3305.367
2517,1139,5410.057
2518,1431,6824.577
2519,1211,6653.997
2520,6,79.54
2525,1122,5749.895
2526,1590,10497.352
2527,2947,16237.281
2528,1926,8626.492
2529,2822,14229.143
2530,4299,21669.955
2533,2081,10676.755
2534,747,3752.889
2535,1291,6736.156
2536,2678,13364.647
2537,2093,9654.172
2538,408,2014.435
2539,2988,14049.948
2540,6834,32984.386
2541,2994,16617.261
2545,206,866.268
2546,1521,6640.027
2548,1158,4917.328
2549,631,2937.649
2550,3051,12469.347
2551,494,2274.345
2552,1,0.56
2555,4,49.49
2556,157,1110.799
2557,1542,10585.73
2558,1260,5387.503
2559,152,1001.339
2560,7640,36728.305
2563,14,151.47
2564,1170,4934.152
2565,3055,20568.448
2566,3348,17312.078
2567,4424,26083.194
2568,177,859.362
2569,209,1151.16
2570,5766,37017.635
2571,1691,10288.536
2572,556,3176.4
2573,539,2743.242
2574,821,4969.302
2575,2046,11161.067
2576,1424,8243.519
2577,2213,13606.333
2578,439,2063.009
2579,742,4141.844
2580,3211,17718.133
2581,406,2334.409
2582,2011,12349.06
2583,690,3539.747
2584,107,603.19
2585,20,142.46
2586,524,2764.488
2587,524,3126.792
2588,75,415.485
2590,1108,5920.078
2594,1564,9736.25
2600,611,5975.844
2601,28,1305.355
2602,2363,11448.48
2603,583,4858.103
2604,535,2937.229
2605,953,4824.936
2606,658,3757.34
2607,1172,6013.855
2609,144,4317.443
2611,3273,17210.181
2612,530,3501.987
2614,1854,8805.93
2615,4294,20605.735
2616,9,63.085
2617,2467,12292.436
2618,219,1830.91
2619,902,5553.947
2620,4329,29667.219
2621,1030,5881.181
2622,780,3644.816
2623,65,278.215
2624,5,56.32
2625,4,110.39
2626,69,322.33
2627,597,3812.219
2628,286,1607.35
2629,88,589.605
2630,1116,5932.773
2631,72,300.615
2632,264,1144.475
2633,38,171.34
2640,5175,29556.883
2641,1820,9505.386
2642,955,5383.612
2643,607,3423.854
2644,418,2530.006
2645,88,525.135
2646,1340,7799.255
2647,503,3134.867
2648,392,2794.714
2649,5,22.61
2650,6686,36793.979
2651,194,1178.51
2652,680,3925.077
2653,427,2293.38
2655,246,1337.784
2656,228,1272.751
2658,278,1439.025
2659,159,918.945
2660,320,2027.303
2663,579,3157.481
2665,264,1616.054
2666,770,4638.505
2668,64,282.885
2669,231,1404.923
2671,675,4170.74
2672,274,2104.395
2675,230,2676.08
2678,1,39.6
2680,2917,23616.364
2681,231,1872.71
2700,752,4453.586
2701,358,1975.63
2702,128,556.618
2703,112,713.233
2705,1336,10013.415
2706,193,1193.97
2707,176,1472.38
2710,1688,11664.198
2711,513,4001.678
2712,275,1864.38
2713,524,3974.46
2714,647,3569.272
2715,190,1239.773
2716,243,1392.37
2717,124,866.248
2720,1132,5933.102
2721,26,161.61
2722,485,2954.244
2725,51,224.505
2726,52,368.887
2727,51,366.808
2729,329,1748.316
2730,231,1262.885
2731,1146,6905.346
2732,361,3419.073
2733,107,714.75
2734,53,789.165
2735,77,505.545
2736,59,611.225
2737,84,1012.195
2738,295,2689.249
2739,191,1946.623
2745,3390,20085.108
2747,4939,27461.714
2748,225,2150.495
2749,1666,9011.518
2750,3821,21271.203
2751,8,37.747
2752,629,3926.261
2753,1539,9879.11
2754,718,4381.973
2756,3287,24235.524
2757,89,732.805
2758,981,6032.543
2759,2775,14185.208
2760,2583,13667.014
2761,3833,19748.971
2762,2067,13675.153
2763,3060,13579.831
2765,4665,34464.297
2766,1408,9449.257
2767,2982,11254.032
2768,3510,16038.642
2769,2240,12854.318
2770,3983,18695.151
2773,700,3116.884
2774,1430,6368.09
2775,212,1115.78
2776,535,2235.675
2777,2077,9278.481
2778,357,1295.968
2779,553,2169.638
2780,1436,6622.17
2782,787,3486.642
2783,314,1275.214
2784,180,652.841
2785,634,2621.876
2786,180,783.747
2787,555,2731.164
2790,1613,8966.338
2791,50,343.765
2792,52,411.521
2793,182,816.971
2794,1560,8852.048
2795,4898,29284.508
2797,63,329.135
2798,308,1680.14
2799,410,2533.4
2800,5229,33122.085
2803,65,628.872
2804,530,2947.74
2805,57,312.513
2806,119,900.06
2807,81,353.841
2808,38,184.825
2809,41,225.685
2810,530,3194.073
2817,35,198.975
2818,106,611.185
2820,856,4431.353
2821,1056,5622.515
2822,35,323.34
2823,301,1643.535
2824,501,2616.045
2825,417,2323.845
2826,39,230.01
2827,802,4004.053
2828,166,1035.74
2829,607,3316.349
2830,8718,40843.574
2831,544,2315.795
2832,434,2294.995
2833,158,681.645
2834,542,2044.17
2835,828,3988.35
2836,149,838.91
2838,24,155.61
2839,238,1252.15
2840,637,3577.069
2842,150,708.175
2843,203,1219.32
2844,286,1515.63
2845,204,1018.535
2846,68,241.485
2847,333,1609.425
2848,185,988.934
2849,306,1570.509
2850,2570,15476.75
2852,520,3143.394
2864,135,841.989
2865,209,1007.005
2866,417,2472.937
2867,111,608.291
2868,111,591.013
2869,271,1486.321
2870,1944,10898.893
2871,1282,7964.878
2873,156,853.66
2874,97,436.205
2875,162,867.419
2876,58,289.8
2877,702,4438.013
2878,55,264.14
2879,223,1199.615
2880,4900,21454.913
2898,41,155.893
2899,545,1654.2
2900,142,1137.46
2901,1,3.5
2902,1612,7719.675
2903,907,4548.558
2904,1458,6605.982
2905,2694,13417.816
2906,1580,8128.658
2911,383,3600.412
2912,325,2109.952
2913,2872,14477.91
2914,2443,14128.421
3000,60,1172.336
3002,69,612.134
3003,91,1111.19
3004,16,344.61
3006,27,712.4
3008,92,1071.615
3011,810,4357.129
3012,1268,6986.492
3013,873,3855.702
3015,1033,4357.746
3016,935,4358.528
3018,1136,5736.479
3019,490,2731.675
3020,2941,15097.542
3021,3562,14512.268
3022,196,849.579
3023,5982,27004.128
3024,3631,17774.211
3025,657,4549.24
3026,407,7932.535
3027,868,4088.295
3028,2269,9164.473
3029,14100,74260.124
3030,10948,55167.799
3031,634,2739.328
3032,1302,5691.291
3033,896,4030.457
3034,654,2838.177
3036,457,2156.88
3037,4289,18789.907
3038,2220,9908.063
3039,622,2798.813
3040,1171,5517.56
3041,664,3336.212
3042,919,5234.347
3043,1302,8176.32
3044,1347,5647.861
3045,7,393.17
3046,1618,6705.665
3047,1157,6444.295
3048,1295,6431.619
3049,688,3208.639
3051,187,1132.328
3052,105,1056.954
3053,122,1043.988
3054,295,1165.283
3055,626,2446.31
3056,1062,5268.322
3057,439,1911.801
3058,2263,10723.697
3059,1775,9856.725
3060,679,3137.415
3061,605,9854.555
3062,42,1435.31
3063,72,525.755
3064,10234,55275.701
3065,246,1171.93
3066,182,1151.162
3067,192,1351.958
3068,869,3494.105
3070,1688,6480.898
3071,1032,4868.212
3072,1895,8883.578
3073,2814,11896.854
3074,1461,10871.253
3075,1481,6476.385
3076,2899,14314.679
3078,862,4181.062
3079,876,4487.648
3081,729,4366.249
3082,2152,9378.019
3083,2279,10049.901
3084,1593,7060.268
3085,850,3577.822
3087,565,2256.937
3088,1805,7798.496
3089,994,4727.689
3090,199,1320.983
3091,201,1381.745
3093,269,1665.857
3094,569,2330.988
3095,2018,9557.439
3096,170,711.54
3097,177,990.561
3099,501,2335.149
3101,1036,5685.456
3102,344,1442.398
3103,726,3606.327
3104,1044,5403.83
3105,639,2926.544
3106,1264,6066.912
3107,785,3554.003
3108,1203,5679.82
3109,1626,7529.727
3111,985,4744.667
3113,789,3910.824
3114,329,1745.213
3115,354,1916.785
3116,965,4479.948
3121,785,3942.844
3122,578,2906.731
3123,440,2258.48
3124,998,4829.212
3125,817,3477.488
3126,335,1826.7
3127,953,4150.392
3128,874,4220.636
3129,920,3973.039
3130,2063,8814.307
3131,1557,7407.513
3132,981,4235.882
3133,1912,8392.465
3134,2218,11580.683
3135,1357,6321.689
3136,3276,14223.301
3137,1266,7016.418
3138,1846,7570.216
3139,1566,8724.822
3140,1439,7066.674
3141,268,1410.225
3142,270,2094.829
3143,239,1317.782
3144,403,2368.263
3145,1003,4521.574
3146,1138,5407.504
3147,934,4230.263
3148,484,1959.135
3149,2452,10891.806
3150,4837,21431.886
3151,724,3063.618
3152,2928,13439.667
3153,1813,13067.771
3154,355,1486.83
3155,1749,7575.948
3156,3499,15746.412
3158,458,2071.239
3159,199,853.79
3160,650,3016.773
3161,428,2670.189
3162,708,3514.109
3163,1220,5010.759
3164,20,543.56
3165,1479,6329.255
3166,1193,5908.904
3167,649,3292.943
3168,685,4848.175
3169,1271,6458.379
3170,1548,8562.127
3171,1496,7283.425
3172,1803,8605.656
3173,3150,16757.186
3174,2409,10881.233
3175,3486,29884.149
3176,1,5.1
3177,728,2996.052
3178,3577,15575.048
3179,566,3525.178
3180,785,4157.96
3181,346,1699.038
3182,344,1666.825
3183,397,1682.005
3184,398,1569.605
3185,455,2001.361
3186,1022,5622.676
3187,941,4139.272
3188,922,4106.494
3189,525,4101.781
3190,483,2321.013
3191,559,2840.255
3192,1293,7145.898
3193,1167,5759.162
3194,651,3597.362
3195,2741,16852.733
3196,1828,7676.434
3197,1063,4144.031
3198,1470,6336.634
3199,4195,17994.421
3200,368,1375.825
3201,2229,12927.112
3202,198,1526.361
3204,1538,7227.884
3205,229,1343.719
3206,343,1484.974
3207,373,3188.401
3211,218,1286.865
3212,1963,8981.622
3213,427,2855.462
3214,1929,7533.549
3215,1634,8818.998
3216,5172,22470.498
3217,1028,6137.524
3218,920,4340.968
3219,1829,7580.535
3220,1167,8086.786
3221,460,1597.491
3222,2164,10767.785
3223,1377,6008.746
3224,1641,8090.934
3225,847,3792.936
3226,2117,9080.344
3227,783,3760.813
3228,2470,12274.015
3230,584,2766.011
3231,346,1592.018
3232,131,648.633
3233,355,2064.74
3234,44,287.885
3235,76,366.815
3236,49,197.005
3237,33,228.532
3238,47,196.875
3239,61,393.46
3240,316,1673.631
3241,378,2097.993
3242,128,659.62
3243,44,228.645
3249,395,2205.268
3250,1021,5284.838
3251,60,269.605
3254,51,202.38
3260,422,2857.514
3264,235,1707.475
3265,325,3512.086
3266,313,2353.842
3267,21,162.84
3268,299,2701.19
3269,84,593.222
3270,27,110.025
3271,36,238.515
3272,212,1162.61
3273,13,69.29
3274,41,195.81
3275,41,199.761
3276,48,283.98
3277,158,1281.295
3278,37,269.195
3279,28,130.63
3280,2199,11607.021
3281,221,1265.768
3282,224,1063.439
3283,150,870.797
3284,372,2164.166
3285,151,761.868
3286,55,247.036
3287,42,202.002
3289,101,509.832
3292,46,177.105
3293,45,180.346
3294,105,562.039
3300,838,4697.332
3301,128,668.947
3302,41,230.135
3303,33,193.135
3304,358,1945.263
3305,1495,6939.733
3309,14,78.75
3310,34,145.22
3311,197,963.272
3312,103,507.365
3314,73,350.381
3315,190,944.005
3317,16,78.67
3318,170,992.451
3319,39,193.661
3321,240,1151.01
3322,13,49.455
3323,4,22.76
3324,88,446.28
3325,77,367.93
3328,294,1351.822
3329,31,129.74
3330,26,132.49
3331,959,4857.52
3332,165,1173.974
3333,112,688.962
3334,61,270.201
3335,1028,6255.468
3336,1007,6592.67
3337,4038,18333.088
3338,3425,17566.301
3340,2562,12233.184
3341,247,1143.577
3342,528,2634.756
3345,218,1080.744
3350,4580,24133.155
3351,1211,5904.463
3352,2256,12303.357
3353,10,21.18
3354,1,4
3355,965,6423.038
3356,1387,7497.413
3357,461,2216.913
3358,100,610.41
3360,103,458.805
3361,82,489.39
3363,499,2451.984
3364,334,1704.641
3370,324,1477.23
3371,221,956.005
3373,368,1969.432
3374,77,583.025
3375,22,205.15
3377,1070,5459.327
3378,12,81.085
3379,102,541.085
3380,652,3567.158
3381,203,1080.763
3384,83,392.027
3385,101,498.375
3387,60,275.42
3388,90,438.925
3390,159,744.562
3391,28,199.035
3392,97,424.5
3393,385,1981.285
3395,85,352.507
3396,118,619.61
3400,1570,9070.388
3401,691,3811.176
3402,22,75.78
3407,56,242.128
3409,194,781.525
3412,52,148.43
3413,22,117.602
3414,306,1368.34
3415,2,11.8
3418,431,1915.816
3419,143,531.912
3420,38,175.135
3423,78,327.359
3424,114,591.335
3427,557,3023.781
3428,86,602.246
3429,3716,18064.212
3430,35,209
3431,574,2662.967
3432,32,176.955
3433,40,219.555
3434,696,3332.662
3435,460,2334.149
3437,1302,7230.4
3438,263,1562.754
3440,222,1037.626
3441,122,717.196
3442,1242,6389.938
3444,1418,7616.605
3446,199,821.099
3447,116,492.013
3448,218,943.332
3450,1323,5016.314
3451,985,4140.11
3453,397,1995.832
3458,384,1782.806
3460,417,2167.997
3461,854,3670.554
3462,278,1023.447
3463,584,2430.474
3464,198,1166.96
3465,1519,7592.94
3467,266,1274.726
3468,67,328.729
3469,54,277.96
3472,340,1321.81
3475,77,324.91
3477,151,650.868
3478,405,2283.724
3480,237,1630.555
3482,41,417.24
3483,154,892.145
3485,51,239.63
3487,16,76.12
3488,17,63.22
3489,7,37.055
3490,163,1135.71
3491,23,123.94
3494,75,881.002
3496,864,6124.754
3498,717,5636.351
3500,3514,25412.273
3501,373,2891.061
3502,29,212.47
3505,715,5179.07
3506,2,5.24
3507,28,123.56
3509,39,174.63
3512,62,276.445
3515,319,1749.255
3516,122,566.415
3517,313,1643.833
3518,263,1160.859
3520,41,167.65
3521,115,546.272
3522,71,297.662
3523,816,3898.681
3525,259,1443.638
3527,120,617.693
3529,15,90.045
3530,21,119.425
3531,24,97.57
3533,133,791.465
3537,159,834.666
3540,63,260.09
3542,27,136.36
3544,51,297.225
3546,70,362.97
3549,370,4937.969
3550,4154,21937.749
3551,5005,27141.451
3552,22,84.815
3554,2,6.39
3555,2191,10745.507
3556,1669,7277.346
3557,125,638.504
3558,173,778.924
3559,63,415.115
3561,829,4925.231
3562,61,500.56
3563,134,751.685
3564,2636,15358.247
3565,13,113.465
3566,108,844.815
3567,124,1319.64
3568,534,4150.15
3570,162,672.685
3571,68,506.452
3572,20,209.91
3573,55,536.86
3575,126,642.435
3576,8,136.122
3579,938,6226.993
3580,193,1168.28
3581,38,177.65
3583,31,285.21
3584,167,1215.555
3585,1464,10688.857
3586,119,873.003
3588,81,533.485
3589,53,708.848
3590,53,547.32
3591,28,195.945
3594,118,589.055
3595,126,506.635
3596,13,315.79
3597,60,768.047
3599,26,402.185
3607,23,387.005
3608,542,2795.06
3610,326,1872.569
3612,376,1665.39
3614,203,1258.685
3616,889,5185.725
3617,25,184.5
3618,138,1140.535
3619,83,412.31
3620,1387,7969.812
3621,402,2493.61
3622,78,618.865
3623,172,1041.755
3624,112,783.285
3629,1239,6620.724
3630,3642,19614.169
3631,2233,14061.368
3632,52,623.705
3633,123,606.52
3634,332,1892.277
3635,121,681.88
3636,1007,5387.895
3637,111,809.452
3638,403,2578.635
3639,124,707.523
3640,235,2529.735
3641,254,1643.88
3643,39,193
3644,1677,11442.287
3646,117,544.375
3647,2,34.95
3649,79,411.71
3658,991,4736.097
3659,156,814.685
3660,1064,5267.034
3661,37,114.304
3662,7,73.55
3663,56,392.477
3664,221,1139.407
3665,84,347.92
3666,991,5183.702
3669,274,1223.908
3670,132,556.435
3671,65,374.515
3672,1470,7945.62
3673,344,1583.28
3675,417,1969.05
3676,125,465.22
3677,2409,12014.258
3678,1407,7844.199
3682,137,790.062
3683,342,1418.685
3685,599,3132.386
3687,208,854.081
3688,287,1358.386
3689,99,357.516
3690,4277,23003.696
3691,1863,10573.76
3694,15,97.894
3695,93,451.823
3697,125,577.947
3698,215,820.781
3699,142,796.955
3700,268,1393.748
3701,266,1570.553
3704,9,43.765
3705,57,272.593
3707,396,1880.209
3708,12,41.085
3709,84,422.173
3711,123,547.115
3712,61,512.05
3713,207,900.04
3714,622,3223.413
3715,61,286.528
3717,602,2965.441
3718,19,97.93
3719,104,548.82
3720,158,989.287
3722,960,5883.431
3723,597,3167.272
3724,17,82.645
3725,121,555.1
3726,94,424.265
3727,65,237.775
3728,130,564.355
3730,1834,9401.378
3732,134,663.457
3733,42,315.27
3735,97,529.9
3736,33,142.04
3737,665,3779.751
3738,34,178.7
3739,40,263.01
3740,198,941.069
3741,588,3011.62
3744,91,373.583
3746,106,425.034
3747,968,4569.724
3749,522,2520.437
3750,2304,13679.035
3751,13,131.45
3752,2130,9947.696
3753,433,2481.407
3754,4499,22182.41
3755,34,216.11
3756,1684,8326.331
3757,1071,5566.739
3758,309,1416.449
3759,172,981.564
3760,57,241.691
3761,182,859.937
3762,18,79.22
3763,272,1172.887
3764,1139,5661.137
3765,561,2626.499
3766,77,326.765
3767,50,233.435
3770,414,3457.008
3775,524,2975.572
3777,1246,6307.67
3778,34,152.41
3779,105,684.02
3781,360,1569.032
3782,732,3350.213
3783,277,1439.711
3786,103,465.885
3787,46,212.645
3788,107,572.986
3789,14,83.21
3791,100,538.708
3792,93,423.659
3793,356,2073.077
3795,183,1433.861
3796,795,3424.096
3797,432,2216.715
3799,658,2871.276
3802,2434,10169.902
3803,1207,7934.341
3804,982,6055.224
3805,6185,27307.946
3806,5091,23596.677
3807,773,3945.848
3808,362,2039.293
3809,1762,10323.293
3810,5254,26732.661
3812,273,1876.137
3813,114,618.666
3814,289,1741.719
3815,384,1934.085
3816,384,2051.206
3818,2146,10048.908
3820,2040,10278.246
3821,452,2666.438
3822,129,599.098
3823,341,1808.677
3824,615,2997.026
3825,2538,11865.238
3831,337,1518.005
3832,49,269.695
3833,56,330.461
3835,62,484.11
3840,1712,10154.072
3842,518,2311.162
3844,3073,16410.475
3847,330,1731.595
3850,1479,8243.619
3851,1250,5626.262
3852,3,108.96
3853,9,36.365
3854,191,990.395
3856,187,1051.505
3857,75,335.36
3858,542,3497.384
3859,149,1403.357
3860,996,4855.355
3862,564,2955.541
3864,41,204.296
3865,103,768.359
3869,272,1307.823
3870,251,978.298
3871,449,2192.031
3873,65,364.095
3874,141,703.135
3875,2640,13884.152
3878,250,1123.752
3880,745,3252.191
3882,220,1085.191
3885,355,1491.974
3886,65,367.075
3887,53,316.569
3888,570,2602.989
3889,32,135.889
3890,60,287.712
3891,39,128.565
3892,271,1030.732
3893,4,31.555
3895,26,135.435
3896,58,318.945
3898,120,618.959
3900,27,121.815
3902,70,370.357
3903,127,607.838
3904,360,1635.752
3909,1320,6308.435
3910,2222,9585.016
3911,414,2630.909
3912,1654,8172.365
3913,403,2209.216
3915,1069,5734.596
3916,214,1416.623
3918,657,2985.423
3919,351,1418.055
3921,69,249.656
3922,1721,9119.919
3923,157,689.942
3925,692,3714.626
3926,554,2891.196
3927,311,1458.582
3928,97,763.591
3929,249,1600.372
3930,1646,8705.161
3931,2475,10768.388
3933,144,1384.559
3934,2034,9362.969
3936,1349,6561.814
3937,247,1806.802
3938,425,1791.692
3939,1850,9052.038
3940,417,1798.876
3941,1627,7196.238
3942,420,1953.426
3943,374,1945.27
3944,148,947.573
3945,214,1136.161
3946,48,248.955
3950,665,3409.104
3951,188,1030.402
3953,1080,5965.58
3954,69,331.16
3956,701,3227.97
3957,55,431.487
3958,33,169.256
3959,368,1527.155
3960,568,2699.26
3962,201,896.12
3964,29,115.81
3965,55,231.966
3966,90,473.18
3967,26,115.08
3971,650,3042.082
3975,2414,11490.778
3976,2623,10645.787
3977,12942,61934.511
3978,4765,28846.98
3979,62,355.53
3980,492,2424.197
3981,663,4320.593
3984,1112,5423.551
3987,255,1226.658
3988,184,1037.36
3990,28,155.25
3991,95,431.177
3992,180,898.095
3995,1737,8305.048
3996,1155,5545.804
4000,242,2163.893
4001,14,126.126
4002,1,7.905
4004,7,27.42
4005,571,3649.865
4006,365,4377.012
4007,779,5385.468
4008,78,2395.23
4009,56,1724.531
4010,196,1280.134
4011,1394,8033.335
4012,2097,9798.333
4013,558,3476.068
4014,2189,11903.71
4017,6290,26463.227
4018,2175,8232.591
4019,2846,13367.401
4020,3693,17688.345
4021,1629,6532.584
4022,1491,5946.572
4025,199,597.37
4030,1407,7465.856
4031,1408,7583.052
4032,1423,6849.501
4034,6457,29204.107
4035,5357,26155.254
4036,1266,5417.886
4037,1635,7988.985
4051,2944,15462.058
4053,5898,26843.764
4054,2100,8456.916
4055,3970,18404.232
4059,889,4722.061
4060,1562,8250.173
4061,2756,12642.589
4062,1,1.5
4063,1,1.25
4064,1000,6409.59
4065,1187,6274.832
4066,1071,6457.246
4067,597,3350.916
4068,2011,10956.407
4069,5743,30323.404
4070,2474,12366.87
4073,1827,9412.798
4074,4720,21727.128
4075,3146,15485.519
4076,861,8066.146
4077,4225,19163.692
4078,4442,19051.148
4101,1229,7453.151
4102,596,3367.822
4103,1326,5804.037
4104,640,3580.199
4105,1494,7251.382
4106,363,4405.85
4107,1041,6270.653
4108,1036,7007.576
4109,6675,27057.805
4110,2771,20207.394
4111,140,594.739
4112,1592,6929.998
4113,4539,19768.052
4114,2931,12814.52
4115,3817,16578.912
4116,4904,20849
4117,366,3297.695
4118,5865,26121.132
4119,1344,7914.001
4120,672,3306.308
4121,3240,15362.544
4122,5890,26130.42
4123,4191,20349.013
4124,5531,29651.656
4125,2047,9936.201
4127,4194,20379.943
4128,3218,14044.259
4129,1233,6315.565
4130,1814,9101.47
4131,1423,6501.653
4132,3532,15419.512
4133,3180,15024.303
4151,1445,8298.062
4152,6488,29996.389
4153,791,3926.27
4154,2024,10798.653
4155,315,2400.774
4156,707,3738.624
4157,3902,18098.514
4158,566,2214.611
4159,3081,12400.184
4160,3917,16646.73
4161,3357,13226.818
4163,2695,12701.242
4164,3409,16771.786
4165,8310,35243.432
4169,621,3704.008
4170,2752,15220.052
4171,1705,9942.205
4172,668,4765.558
4173,1528,7177.311
4174,508,3163.715
4178,3902,18160.751
4179,3231,13615.832
4183,525,2191.309
4184,2396,9107.214
4205,1142,4637.333
4207,10706,57300.411
4208,4491,24479.711
4209,8674,49846.351
4210,4357,23402.705
4211,10856,53316.517
4212,6150,34399.358
4213,5887,30089.811
4214,6791,35656.018
4215,3734,19462.421
4216,5716,26181.318
4217,3281,19273.992
4218,3991,20252.744
4219,18,93.555
4220,4516,24070.428
4221,4433,18643.936
4223,2684,12619.437
4224,726,3513.949
4225,352,1917.743
4226,5079,24326.458
4227,3132,15373.588
4228,1171,6077.354
4230,9,33.88
4237,1,0.92
4270,1030,5416.371
4271,355,986.268
4272,1288,6828.692
4275,822,4631.405
4276,1,3.3
4280,4664,25350.517
4285,4453,23856.72
4287,151,945.67
4300,10963,57747.672
4301,4440,20442.529
4303,495,1997.056
4304,2611,11388.902
4305,9888,42126.846
4306,9665,48760.975
4307,367,1946.314
4309,717,3827.331
4310,1432,6476.452
4311,2447,12039.369
4312,879,4092.276
4313,630,2873.448
4314,201,1630.965
4340,1217,5848.511
4341,3846,18669.7
4342,622,3462.635
4343,2092,12230.075
4344,538,3078.374
4345,1,1.52
4346,279,1492.804
4347,343,2045.945
4350,12851,66113.793
4352,5898,30689.788
4353,58,298.908
4354,282,1501.522
4355,554,2457.075
4356,842,4752.762
4357,466,3064.146
4358,415,2218.1
4359,263,1311.844
4360,131,1058.15
4361,462,2844.056
4362,566,3756.677
4363,153,668.978
4364,52,336.765
4365,121,672.568
4370,2947,16297.977
4371,170,754.995
4372,35,129.2
4373,187,958.64
4374,90,495.191
4375,38,231.355
4376,72,575.645
4377,129,760.752
4378,116,505.248
4380,1524,7411.54
4381,143,753.166
4382,115,699.5
4383,154,659.346
4384,4,28.68
4385,200,1024.349
4387,195,1400.957
4388,76,365.925
4390,871,5303.47
4400,456,2291.746
4401,902,4629.871
4402,66,294.465
4403,147,1063.735
4404,68,602.628
4405,2034,13120.212
4406,205,1255.255
4407,83,593.575
4408,169,628.671
4410,254,1146.706
4411,62,325.46
4412,45,240.07
4413,1053,6144.67
4415,327,2189.619
4416,69,536.465
4417,148,731.11
4418,18,87.683
4419,145,711.197
4420,192,1010.165
4421,324,1734.652
4422,85,582.867
4423,26,176.84
4424,35,187.013
4425,29,165.098
4426,17,106.91
4427,79,312.737
4428,148,595.12
4454,180,1019.795
4455,1459,7609.629
4461,11,52.64
4462,13,53.37
4465,320,1461.715
4467,43,226.23
4468,75,369.53
4470,449,2545.01
4472,187,1185.56
4474,9,81.565
4475,3,32.95
4477,101,638.423
4478,78,608.155
4479,4,39.16
4480,116,958.325
4481,12,101.03
4482,29,345.875
4486,120,728.805
4487,486,3622.655
4488,42,159.48
4489,16,94.7
4490,273,1446.711
4491,17,55.08
4492,94,2207.814
4493,9,41.32
4494,31,185.425
4496,55,442.855
4497,53,314.06
4498,21,130.395
4500,8356,41971.115
4501,1048,4845.775
4502,1712,7247.958
4503,7502,34271.414
4504,4222,21209.445
4505,5341,25356.291
4506,4045,19188.346
4507,6064,24428.192
4508,3230,14158.796
4509,5638,28495.177
4510,10269,49919.192
4511,2767,11383.123
4512,865,4915.002
4514,1777,8798.569
4515,1002,5176.683
4516,1176,6361.39
4517,220,1126.283
4518,1435,6754.254
4519,2082,9952.273
4520,3197,17042.339
4521,1231,6206.275
4550,1060,4747.405
4551,13761,59636.87
4552,2536,10252.744
4553,2232,12557.304
4554,402,2065.601
4555,1699,7275.796
4556,8871,40529.717
4557,2995,13978.123
4558,2735,13059.581
4559,1442,7640.577
4560,7242,32822.845
4561,2040,11740.449
4562,2076,11087.431
4563,2647,13017.858
4564,2329,9890.52
4565,3362,15095.974
4566,2034,12510.186
4567,2045,11150.471
4568,948,4362.37
4569,410,1717.867
4570,10158,49331.99
4571,202,974.255
4572,406,2204.188
4573,5017,24928.657
4574,317,1657.748
4575,5362,24610.43
4580,1659,6383.995
4581,443,2299.603
4600,226,1062.647
4601,195,909.77
4605,609,3216.077
4606,488,2078.965
4608,182,871.123
4610,2324,10871.12
4611,27,139.703
4612,58,250.445
4613,142,722.95
4614,279,1210.25
4615,1484,5731.687
4620,79,336.275
4621,345,1406.899
4625,517,2997.141
4626,359,2622.801
4627,146,953.93
4630,323,1604.83
4650,6159,28121.343
4655,15092,66668.509
4659,1609,6879.538
4660,1981,9007.246
4662,167,812.932
4670,16406,77059.776
4671,1349,5470.933
4673,136,603.781
4674,360,1678.028
4676,69,267.84
4677,896,4134.735
4678,280,1167.307
4680,8580,43448.922
4694,44,218.045
4695,210,973.951
4697,29,148.305
4699,74,329.092
4700,2143,11677.268
4701,6082,29251.935
4702,4406,22428.978
4703,4294,19783.019
4704,25,115.47
4705,53,365.255
4706,11,51.58
4707,36,152.785
4709,9,87.81
4710,773,3227.27
4711,411,1839.125
4712,28,188.83
4713,13,96.69
4714,485,1887.689
4715,892,4930.473
4716,147,682.8
4717,305,1900.077
4718,327,1903.148
4719,183,953.96
4720,1871,12868.103
4721,400,2196.688
4722,275,1632.104
4723,185,1222.11
4724,71,497.5
4725,220,1327.561
4726,54,312.305
4727,46,214.11
4728,49,318.855
4730,393,3229.282
4731,40,198.14
4732,32,220.58
4733,18,95.71
4735,115,788.76
4736,16,103.657
4737,1376,7252.6
4738,229,1160.057
4739,72,429.26
4740,11129,65983.136
4741,1292,6931.355
4742,98,678.385
4743,13,164.79
4744,382,3015.245
4745,114,881.69
4746,22,324.365
4750,858,4422.576
4751,699,3762.801
4753,720,4026.985
4754,362,2278.46
4756,98,680.285
4757,58,299.746
4798,145,871.037
4799,287,1477.015
4800,2225,12302.213
4802,1512,9763.566
4803,1,1.48
4804,321,1923.181
4805,1738,9774.029
4806,769,6270.608
4807,2247,13356.6
4808,257,1641.155
4809,260,1819.437
4810,2298,14600.075
4811,2105,11041.61
4812,2439,13788.408
4814,7321,39996.112
4815,4264,19260.986
4816,1773,9324.452
4817,5696,28458.634
4818,5757,31642.911
4819,502,2597.493
4820,1353,7701.048
4821,249,1755.167
4822,122,1145.37
4823,122,1086.64
4824,216,1702.535
4825,1962,12852.291
4828,25,302.205
4829,113,870.324
4830,65,1107.153
4849,290,1886.259
4850,1776,8698.978
4852,766,4729.747
4854,742,5373.096
4855,116,618.845
4856,126,716.1
4857,3,11.36
4858,234,1497.22
4859,74,369.265
4860,1224,8093.954
4861,178,1195.6
4865,1331,7850.214
4868,2913,16345.061
4869,2745,15497.833
4870,8445,53397.58
4871,1390,9387.287
4872,700,5459.415
4873,1239,6956.291
4874,19,202.77
4875,131,1569.011
4876,25,407.28
4877,746,4844.137
4878,2142,12379.491
4879,3530,19975.749
4880,2232,14881.974
4881,675,3536.219
4882,530,3467.79
4883,902,4803.028
4884,419,2087.374
4885,638,3316.514
4886,105,686.876
4887,306,1378.6
4888,419,2266.164
4890,94,1014.105
4891,68,650.12
4892,52,1014.915
4895,429,2790.885
5000,931,10184.617
5001,13,239.295
5006,668,3920.504
5007,933,6635.426
5008,1957,10459.42
5009,884,5775.1
5010,950,6996.028
5011,1798,10399.019
5012,1597,8334.338
5013,1748,14257.26
5014,1904,10242.293
5015,937,5500.585
5016,1633,7448.388
5017,777,3532.035
5018,1310,5049.061
5019,1611,6575.748
5020,596,2750.578
5021,1303,6070.614
5022,2793,12946.15
5023,2295,11211.878
5024,2357,11172.876
5025,1409,7005.788
5031,1332,9025.452
5032,1876,9740.484
5033,1109,7015.013
5034,1498,7781.065
5035,820,4506.591
5037,1536,8141.356
5038,2250,10453.02
5039,1462,8991.035
5040,425,2254.199
5041,2004,9589.197
5042,1785,9387.101
5043,2859,12950.342
5044,1897,9682.748
5045,2016,10758.077
5046,1381,6228.722
5047,1411,6006.47
5048,2661,12134.012
5049,1972,8694.218
5050,1084,4865.736
5051,2735,13343.628
5052,1086,5514.375
5061,1529,9636.042
5062,2520,14160.399
5063,1608,9135.447
5064,1709,10127.872
5065,1574,8610.261
5066,2113,11968.681
5067,1336,8735.496
5068,1754,9888.324
5069,1335,8253.032
5070,2150,11477.127
5071,3,14.16
5072,2227,12112.152
5073,2475,12293.169
5074,2071,10963.924
5075,1863,8238.029
5076,1633,7642.472
5081,1540,9312.996
5082,2259,12189.716
5083,1121,5410.328
5084,1204,6983.894
5085,3913,17580.911
5086,2955,13821.422
5087,1863,8929.964
5088,636,3772.945
5089,1199,5580.879
5090,1554,6128.679
5091,1388,6052.737
5092,3148,13138.576
5093,1716,6509.816
5094,312,5659.33
5095,3377,18056.815
5096,2745,11876.569
5097,2526,10593.105
5098,2535,9694.293
5106,79,1649.385
5107,3376,15303.16
5108,6771,30899.097
5109,3850,16729.399
5110,1636,11500.377
5111,33,1162.62
5112,2845,13491.941
5113,2422,11639.919
5114,6237,29522.267
5115,1681,8905.069
5116,1910,8775.266
5117,985,6156.231
5118,4011,20836.503
5120,726,7614.524
5121,613,4282.275
5125,3741,16840.31
5126,1269,5523.88
5127,1494,5939.15
5131,230,1286.682
5132,103,973.696
5133,102,573.69
5134,95,569.895
5136,109,581.845
5137,128,1097.015
5138,68,590.265
5139,91,880.34
5140,93,430.481
5141,186,975.316
5142,137,938.6
5144,93,603.149
5150,21,137.315
5151,74,463.6
5152,922,5410.838
5153,1597,9829.185
5154,510,2895.177
5155,655,3237.128
5156,136,669.424
5157,770,4164.138
5158,5286,21069.533
5159,6632,27419.333
5160,267,5176.422
5161,2071,8176.558
5162,6826,27410.802
5163,2893,12398.855
5164,789,3207.591
5165,821,3667.171
5166,376,1366.312
5167,1224,4902.181
5168,1167,5503.095
5169,3772,17490.57
5170,295,1188.236
5171,1701,10081.964
5172,1153,5952.948
5173,2956,12387.48
5174,740,3335.774
5175,1,0.3
5201,537,3133.514
5202,243,1593.31
5203,361,1860.457
5204,1350,6080.861
5207,1,0.96
5210,507,2669.729
5211,5034,20847.344
5212,831,3036.375
5213,483,2068.71
5214,3305,13410.699
5220,38,141.836
5221,129,599.651
5222,257,1044.904
5223,738,3765.27
5231,282,1570.095
5232,99,630.977
5233,329,2273.316
5234,320,1727.537
5235,646,3193.299
5236,75,342.203
5237,88,349.547
5238,1511,7108.726
5240,155,1529.676
5241,514,3586.497
5242,358,2393.922
5243,195,1452.667
5244,981,5952.486
5245,663,4094.499
5250,740,4521.831
5251,3570,21491.894
5252,1288,6303.638
5253,3850,20380.663
5254,782,4825.465
5255,2429,13084.468
5256,505,2045.98
5259,361,2225.255
5260,417,2013.137
5261,61,298.077
5262,63,519.759
5263,37,647.756
5264,316,1854.667
5265,77,425.11
5266,137,759.14
5267,388,2307.525
5268,692,4063.754
5269,41,252.935
5270,136,784.835
5271,1244,7881.451
5272,130,803.079
5273,13,52.69
5275,548,2928.219
5276,354,2057.764
5277,456,2903.82
5278,79,443.915
5279,84,453.139
5280,1384,7337.036
5290,2671,14625.753
5291,1438,9758.066
5301,120,681.95
5302,182,983.16
5303,35,253.25
5304,122,558.68
5306,15,75.32
5307,145,710.605
5308,25,120.775
5309,24,126.6
5310,7,38.92
5311,60,277.31
5312,1,5
5320,331,1996.115
5321,104,658.643
5322,249,1404.381
5330,922,5525.962
5331,101,650.862
5332,114,603.692
5333,1432,9112.767
5340,341,2244.682
5341,1735,12044.884
5342,276,1886.248
5343,1066,7587.672
5344,189,1311.38
5345,845,4887.393
5346,79,485.109
5350,140,1050.61
5351,1458,7250.828
5352,1251,8003.514
5353,931,5156.221
5354,186,948.037
5355,1897,11247.754
5356,179,871.331
5357,188,1290.04
5360,265,1362.716
5371,328,2066.214
5372,554,2922.061
5373,832,3846.144
5374,365,2137.659
5381,89,447.73
5400,223,1220.757
5401,162,845.335
5410,71,322.318
5411,67,295.96
5412,303,1546.065
5413,198,975.38
5414,25,94.662
5415,52,298.49
5416,51,238.064
5417,330,1789
5418,29,125.62
5419,50,249.65
5420,21,92.645
5421,21,100.3
5422,398,1740.648
5431,249,1450.715
5432,56,204.96
5433,393,1691.973
5434,91,356.26
5440,31,286.545
5451,192,956.65
5452,98,736.124
5453,1106,6713.174
5454,71,430.355
5455,9,35.61
5460,165,1103.363
5461,614,3167.115
5462,123,572.355
5464,105,582.23
5470,27,122.525
5471,14,89.99
5472,44,242.61
5473,193,867.265
5480,265,1311.392
5481,162,853.692
5482,131,705.185
5483,82,367.66
5485,156,736.824
5490,42,210.6
5491,493,3005.11
5493,25,91.325
5495,208,1006.625
5501,2109,13194.835
5502,389,2240.386
5510,30,116.29
5520,137,619.475
5521,42,179.935
5522,585,2614.647
5523,410,1932.036
5540,3173,15740.407
5550,198,2494.16
5552,69,389.849
5554,1121,6309.837
5555,165,662.174
5556,1337,5954.512
5558,1762,7721.681
5560,130,684.071
5570,232,918.168
5571,651,2606.641
5572,44,187.415
5573,676,3230.841
5575,1052,4205.478
5576,313,1370.317
5577,170,765.184
5580,112,501.772
5581,290,1202.976
5582,278,1176.545
5583,380,1643.692
5600,1687,8455.157
5601,72,347.955
5602,372,1910.69
5603,127,679.093
5604,71,292.094
5605,502,2271.449
5606,2452,13825.601
5607,1160,5928.898
5608,2139,10166.715
5609,317,1654.63
5611,17,97.85
5630,23,106.98
5631,274,1697.384
5632,47,236.955
5633,53,424.965
5640,271,1574.983
5641,240,1572.562
5642,50,282.73
5650,24,109.36
5651,28,158.265
5652,147,1029.89
5653,13,61.695
5654,58,259.48
5655,18,76.86
5660,6,33.145
5661,25,176.79
5670,121,796.27
5671,40,209.35
5680,638,3769.614
5690,630,4039.144
5700,2174,12058.749
5701,11,142.05
5710,644,3290.747
5713,3,38.88
5717,11,150.78
5719,13,126.53
5720,10,104.44
5722,20,192.43
5723,53,943.131
5724,5,21.44
5725,270,2033.275
5730,19,119.611
5731,35,1107.065
5732,70,311.082
5733,16,171.61
5734,3,37.96
5875,1,1.16
5950,3,115.39
6000,450,3506.048
6001,3,9.34
6003,140,985.689
6004,167,1489.264
6005,146,2466.834
6006,878,4129.325
6007,613,3638.602
6008,1292,6972.089
6009,1651,9087.441
6010,1953,9252.488
6011,835,4416.846
6012,832,4398.054
6013,1,0.375
6014,2169,10683.388
6015,826,4324.925
6016,917,4028.876
6017,423,6781.091
6018,4912,21396.589
6019,1904,8370.115
6020,3349,14675.621
6021,2604,13895.107
6022,931,3367.737
6023,2659,11183.55
6024,2491,9274.036
6025,5393,21426.058
6026,4573,17753.714
6027,7248,30795.303
6028,4335,19981.588
6029,344,1548.94
6030,7192,28473.26
6031,3359,15787.453
6032,41,373.165
6033,95,1053.135
6034,725,3020.442
6035,2130,9190.651
6036,2568,11777.161
6037,832,3596.021
6038,2088,8949.353
6041,486,2180.48
6042,28,103.935
6043,68,259.655
6044,347,1402.398
6050,1453,7061.917
6051,859,3509.614
6052,1231,5577.786
6053,1996,9867.71
6054,2967,12816.241
6055,5721,30730.049
6056,6643,30852.663
6057,3034,11940.608
6058,2577,10687.192
6059,3022,12651.154
6060,1830,7782.454
6061,3374,12709.396
6062,4487,20484.629
6063,2567,10325.911
6064,4450,16875.512
6065,13081,63317.489
6066,3248,13067.655
6067,2,92.22
6068,18,257.02
6069,8514,38687.414
6070,653,2643.563
6071,601,2537.173
6072,177,691.543
6073,592,2919.249
6074,211,866.747
6076,3989,17960.137
6077,353,2535.461
6078,156,1316.544
6079,3,19.825
6081,868,3815.397
6082,594,2504.896
6083,802,3506.855
6084,1886,9807.071
6090,376,8059.357
6100,1223,6373.697
6101,1724,7613.336
6102,1005,4834.704
6103,794,3272.307
6104,1737,9464.04
6105,1770,8877.616
6106,213,6361.08
6107,6459,29123.379
6108,4169,15204.385
6109,2273,11015.545
6110,7496,30940.567
6111,3982,17174.369
6112,12072,56483.664
6121,722,4002.736
6122,4220,20975.458
6123,465,2296.63
6124,264,1132.01
6125,681,3887.207
6126,53,300.27
6147,2354,8287.538
6148,3049,12219.313
6149,3467,14312.175
6150,2116,9133.145
6151,1459,7378.428
6152,2823,12299.656
6153,2559,12278.314
6154,1615,8675.404
6155,10251,46016.037
6156,2212,10178.463
6157,1630,6875.783
6158,849,3875.714
6159,252,1338.255
6160,805,3645.179
6161,4,72.9
6162,1554,5816.72
6163,7998,37748.711
6164,11326,51252.517
6165,42,1688.875
6166,1676,8743.428
6167,4630,19058.419
6168,4411,17257.495
6169,7121,26050.301
6170,2920,13310.775
6171,7476,32533.124
6172,2843,11515.584
6173,2354,10413.313
6174,872,4005.572
6175,784,3314.495
6176,348,1846.69
6180,1390,5900.505
6181,139,694.947
6207,286,1510.805
6208,3275,13389.131
6209,421,1669.915
6210,16129,61650.026
6211,1960,8344.028
6213,144,649.793
6214,137,593.385
6215,826,3861.945
6218,115,493.325
6219,3,19.83
6220,828,4301.37
6221,45,272.223
6223,29,136.339
6224,197,1138.147
6225,1536,6193.428
6226,198,925.059
6227,159,645.445
6228,27,141.46
6229,38,627.44
6230,6173,27149.495
6231,17,45.13
6232,2087,8014.214
6233,3599,15027.04
6236,437,1954.696
6237,543,2322.258
6239,938,4153.444
6240,50,225.99
6243,4,15.648
6244,214,958.97
6251,79,588.796
6252,20,96.52
6253,156,606.281
6254,76,305.555
6255,671,2738.196
6256,29,134.935
6258,715,4039.33
6260,175,1172.483
6262,116,630.959
6271,722,3002.258
6275,302,1313.897
6280,5165,24276.018
6281,1481,7838.141
6282,426,2252.173
6284,343,1999.538
6285,1240,6163.172
6286,139,765.621
6288,88,646.261
6290,304,1297.624
6302,772,3364.715
6304,421,1564.31
6306,176,894.011
6308,284,1385.44
6309,64,317.804
6311,104,437.87
6312,564,2695.026
6313,45,190.73
6315,331,1512.9
6316,66,246.244
6317,437,2014.908
6318,53,214.571
6320,62,338.76
6321,41,205.288
6322,32,147.96
6323,149,604.304
6324,410,2015.013
6326,62,223.531
6327,36,143.473
6328,44,194.11
6330,3532,15088.207
6331,2,5.59
6332,6,17.126
6333,875,3684.444
6335,100,518.425
6336,45,203.38
6337,39,207.084
6338,89,450.503
6341,26,154.888
6343,19,90.725
6346,45,315.227
6348,104,452.808
6350,58,273.265
6351,4,17.2
6352,24,195.585
6353,103,531.355
6355,45,268.91
6356,16,97.285
6357,9,43.015
6358,4,33.355
6359,55,422.89
6361,11,54.55
6363,17,60.34
6365,89,407.405
6367,38,241.33
6368,9,48.56
6369,111,667.09
6370,57,208.415
6372,27,102.935
6373,8,39.655
6375,187,782.496
6383,171,689.309
6384,4,22.34
6385,3,15.96
6386,8,35.555
6390,298,1483.457
6391,122,727.096
6392,70,308.164
6393,20,72.24
6394,30,325.635
6395,208,1025.004
6396,28,204.56
6397,15,81.78
6398,87,408.438
6401,1197,6230.582
6403,38,174.695
6405,42,196.26
6407,159,1043.016
6409,47,228.295
6410,142,686.517
6411,14,76.33
6412,5,29.82
6413,7,35
6414,5,38.102
6415,440,2233.272
6418,163,802.44
6419,8,28.875
6420,5,20.4
6421,15,78.771
6422,3,13.62
6423,57,267.735
6424,7,41.06
6425,19,125.35
6426,107,570.755
6427,2,8.25
6428,13,57.385
6429,122,779.04
6430,1662,9383.895
6431,12,64.885
6432,602,2915.273
6433,7,26.165
6434,13,93
6436,11,92.605
6437,189,328.65
6438,52,371.925
6440,22,302.85
6442,132,963.955
6443,47,375.415
6445,6,60.505
6446,4,33.17
6447,11,82.31
6448,10,57.725
6450,814,4307.025
6452,1,6.6
6460,130,692.976
6461,83,462.5
6462,10,57.028
6465,1,2.1
6466,8,43.44
6467,4,20.06
6468,31,278.32
6472,24,184.86
6473,7,17.68
6475,60,354.165
6476,4,17.925
6477,30,181.46
6479,94,494.035
6480,3,12.52
6484,8,45.1
6485,84,308.145
6487,4,15.795
6488,33,136.445
6489,11,54.27
6490,29,123.65
6501,260,1564.315
6502,304,1445.566
6503,546,4255.236
6504,32,175.705
6505,20,77.853
6506,19,628.17
6507,114,643.71
6509,13,113.225
6510,288,1617.97
6511,137,728.609
6512,10,54.895
6513,23,108.195
6514,189,948.84
6515,45,234.29
6516,507,2660.164
6517,76,365.58
6518,40,303.925
6519,98,536.759
6521,78,854.68
6522,93,521.385
6525,746,3494.496
6528,82,384.475
6530,4699,21810.9
6531,8,36
6532,1052,5225.605
6535,302,1335.98
6536,281,1497.882
6537,88,635.801
6556,390,1577.868
6558,142,548.114
6560,226,902.97
6562,304,1209.21
6564,81,272.19
6566,865,3224.906
6567,107,363.455
6568,26,139.58
6569,55,289.444
6571,8,57.67
6572,6,28.8
6574,6,34.98
6575,15,96.08
6603,166,1145.972
6605,1,6.12
6606,15,73.29
6608,17,75.18
6609,140,936.565
6612,29,188.42
6613,6,25.54
6614,1,6.6
6616,12,42.36
6620,43,236.36
6623,96,543.646
6625,5,26.35
6627,6,33.918
6628,8,30.62
6630,79,436.095
6631,5,32.3
6632,10,41.475
6635,17,184.035
6638,50,319.5
6639,21,95.701
6640,21,91.65
6642,69,415.338
6643,1,0.96
6646,12,247.856
6701,358,4384.474
6705,20,151.936
6707,179,2205.598
6710,302,2671.896
6713,58,562.15
6714,678,5560.171
6716,3,14.18
6718,29,262.765
6720,21,384.76
6721,125,1197.346
6722,237,1454.65
6725,461,5507.192
6726,160,1625.991
6728,172,2791.245
6740,30,334.554
6743,281,2727.925
6751,20,249.423
6753,77,1346.905
6754,3,23.13
6758,14,164.904
6760,35,186.292
6765,27,280.422
6770,31,648.617
6798,83,528.55
6799,13,78.58
6872,1,5
6901,2,6.12
6902,1,2.28
6903,3,6.5
6904,2,5.04
6906,3,9.02
6907,2,8.132
6909,4,13.6
6910,2,41.394
6911,3,6.4
6912,4,6.03
6913,1,1.5
6914,4,50.06
6915,3,4.1
6916,3,8.25
6917,1,17
6918,3,4.1
6920,2,6.2
6921,8,28.85
6922,9,26.52
6923,6,83.39
6924,5,14.06
6926,8,36.54
6929,2,8.01
6931,3,5.72
6933,5,11.785
6934,3,6.67
6935,2,5.97
6941,1,4.64
6943,2,3.12
6944,4,43.51
6946,5,14.68
6947,1,39.96
6951,2,3.1
6952,4,11.84
6953,6,37.495
6954,4,7.2
6955,15,44.5
6956,1,1.67
6957,3,7.24
6959,5,35.439
6963,4,8.065
6964,6,16.694
6966,4,53.31
6968,7,19.8
6979,3,7.74
6981,3,8.13
6982,3,9.74
6984,3,4.64
6985,5,15.65
6988,3,4.78
6989,2,6.52
6990,4,12.52
6991,6,15.37
6992,7,19.01
7000,768,4267.244
7001,5,97.66
7002,3,13.5
7004,503,1783.818
7005,726,3162.089
7006,10,42.325
7007,251,1143.339
7008,726,2741.432
7009,665,2833.943
7010,843,3753.566
7011,914,3306.419
7012,89,362.84
7015,739,2975.095
7016,123,464.419
7017,662,2901.191
7018,1489,6107.526
7019,338,1345.717
7020,304,1324.613
7021,196,868.346
7022,97,379.14
7023,43,178.958
7024,66,225.998
7025,218,1020.456
7026,99,440.136
7027,31,138.555
7030,1252,5665.693
7050,1008,4364.849
7051,24,97.94
7052,626,2555.763
7053,297,1165.103
7054,932,3938.126
7055,48,544.645
7109,923,4461.117
7112,410,1661.219
7113,137,533.805
7116,265,1201.457
7117,109,477.735
7119,3,6.1
7120,151,672.916
7140,770,3708.509
7150,452,1769.372
7155,158,629.139
7162,92,392.157
7163,61,306.614
7170,566,3510.933
7171,242,969.169
7172,338,1395.563
7173,793,3077.918
7174,22,112.157
7175,16,60.55
7176,11,50.725
7177,35,169.485
7178,47,200.795
7179,58,195.745
7180,24,91.4
7182,37,206.995
7183,1,3.24
7184,109,449.374
7185,15,59.216
7186,15,57.76
7187,15,86.55
7190,497,2379.494
7209,39,146.68
7210,83,410.095
7211,6,34.86
7212,200,1454.155
7213,35,152.24
7214,61,208.696
7215,526,2184.127
7216,519,2702.142
7248,854,4836.879
7249,755,4728.168
7250,3502,16956.986
7252,375,1700.654
7253,478,2457.69
7254,67,371.84
7255,199,780.955
7256,282,1972.677
7257,2,7.72
7258,113,793.7
7259,56,226.632
7260,321,1753.535
7261,32,171.911
7262,190,696.062
7263,56,240.615
7264,68,351.063
7265,21,94.591
7267,101,435.74
7268,127,556.416
7270,658,2609.446
7275,413,1832.887
7276,63,230.186
7277,718,3439.668
7290,179,821.558
7291,69,453.182
7292,52,306.502
7300,313,1385.471
7301,422,2210.372
7302,111,944.633
7303,296,1560
7304,667,3337.1
7305,116,479.145
7306,421,2160.66
7307,968,4726.144
7310,1780,8334
7315,1191,5833.248
7316,527,2399.109
7320,826,4595.903
7321,414,1974.834
7322,286,1368.895
7325,713,3361.528
7330,432,2586.222
7331,31,172.67
7466,4,10.38
7467,76,386.47
7468,34,204.895
7469,37,138.765
7470,43,193.257
7802,1,2.45
8576,2,6.84
9729,1,0.875
