Postcode,Average_total,Average_salary
800,98643,88445
801,120690,85064
804,108716,89647
810,94079,78351
811,119181,90769
812,91317,77295
813,95978,74204
814,101270,75812
820,109705,86091
821,113869,73432
822,81500,67159
828,87373,70250
829,82589,73661
830,94593,82383
831,97750,84868
832,97250,89353
834,96174,77691
835,101751,82973
836,99001,82926
837,92703,68587
838,92807,80652
839,98147,86208
840,84659,62846
841,100727,86293
845,83043,67935
846,76781,63658
847,67853,51948
850,83782,71692
851,86348,70225
852,71843,59566
853,90739,88442
854,74304,58738
860,85969,76141
861,87298,74993
862,70916,59386
870,88565,75039
871,95881,73400
872,74262,60229
873,86408,75717
874,92499,87012
875,83007,74043
880,94938,85093
881,97973,92747
885,112850,107471
886,94576,88393
1225,341972,91799
1230,126868,62722
1235,100014,75382
1240,79686,43141
1335,195177,73854
1355,102878,58022
1360,259510,70387
1455,92020,63828
1460,122823,79266
1485,85162,58570
1495,121644,76824
1499,86801,64535
1585,122939,86542
1595,102873,74003
1655,137084,54128
1660,92648,49255
1710,104403,60351
1750,99145,75284
1755,112569,68133
1765,114607,72662
1871,70563,58692
1885,80534,54402
2000,115528,72521
2001,145294,79465
2002,89110,65823
2006,111498,91610
2007,77496,66082
2008,104392,73445
2009,121071,86393
2010,120369,90251
2011,144112,89791
2012,113839,75294
2013,113691,93766
2014,118615,85158
2015,107060,89523
2016,106810,83681
2017,96234,82176
2018,90723,70955
2019,95023,79758
2020,84102,72390
2021,176241,106864
2022,133640,85853
2023,256741,93464
2024,174712,98625
2025,224704,95596
2026,139097,90869
2027,268520,92581
2028,312372,87312
2029,163411,82462
2030,255857,92780
2031,129448,89428
2032,99197,71999
2033,108420,76950
2034,132806,91358
2035,112067,77166
2036,99808,75738
2037,118400,86624
2038,130243,94359
2039,142565,103798
2040,123665,94985
2041,170228,109050
2042,104194,82283
2043,110700,93323
2044,94739,79849
2045,136966,86169
2046,121484,84662
2047,134998,89328
2048,110235,85106
2049,104846,83964
2050,110201,91851
2052,72992,55289
2057,120008,91349
2059,160454,79036
2060,157570,95865
2061,183534,105379
2062,148593,100049
2063,231331,107343
2064,122418,89324
2065,135585,96318
2066,142107,95722
2067,111529,79269
2068,168061,103594
2069,174044,97932
2070,161338,92391
2071,161543,88661
2072,142541,89171
2073,155261,95636
2074,154720,91325
2075,138363,88958
2076,138776,87407
2077,91832,75526
2079,95981,78024
2080,95599,73236
2081,98872,79812
2082,99412,77644
2083,95968,70533
2084,143623,75799
2085,115019,81347
2086,114892,85450
2087,124089,85992
2088,238543,111280
2089,144011,96046
2090,167934,102113
2092,196116,103217
2093,151715,97958
2094,147916,95356
2095,172695,97603
2096,135616,92512
2097,116890,78358
2098,98728,62168
2099,101191,74353
2100,107690,78950
2101,111201,71806
2102,111455,78638
2103,111440,71802
2104,155797,69676
2105,156244,71759
2106,138457,72313
2107,133191,71497
2108,221188,59774
2110,254567,96839
2111,128187,85035
2112,101957,75744
2113,100378,80671
2114,93616,74439
2115,88028,71383
2116,84626,70071
2117,89855,67158
2118,89280,68649
2119,132008,85098
2120,106446,82961
2121,103914,76705
2122,90882,69199
2123,89563,61505
2124,90059,52523
2125,120397,85016
2126,105379,83951
2127,90961,78512
2128,75997,60614
2129,95769,64141
2130,104489,82641
2131,84907,68062
2132,97216,72581
2133,89295,69414
2134,82630,61784
2135,103096,65958
2136,89074,68200
2137,114038,79090
2138,93483,76841
2140,77688,66812
2141,72427,58665
2142,71457,59725
2143,75219,60152
2144,64038,50115
2145,84330,71377
2146,81461,69696
2147,82887,69530
2148,75873,64427
2149,84318,59066
2150,81200,72199
2151,90623,71772
2152,91979,73836
2153,99812,79159
2154,108182,79870
2155,99460,83671
2156,131544,72598
2157,104954,64995
2158,153350,73877
2159,111049,70634
2160,74362,57968
2161,72911,56554
2162,74532,58454
2163,68161,54008
2164,79163,61395
2165,72698,57996
2166,72330,58463
2167,80165,70165
2168,73828,62215
2170,79534,65142
2171,84386,69897
2172,101663,82875
2173,87627,76780
2174,86525,77149
2175,105381,58191
2176,80781,62978
2177,75658,63025
2178,94364,57370
2179,86390,62849
2190,76551,58096
2191,83011,63593
2192,74790,59567
2193,88095,70504
2194,69188,56746
2195,67069,53067
2196,74712,58859
2197,85239,61173
2198,82497,63752
2199,76181,60653
2200,74448,58590
2203,99482,79982
2204,93545,75872
2205,85735,69474
2206,97702,69742
2207,88098,67671
2208,89591,66293
2209,83071,64979
2210,88016,67111
2211,84990,68190
2212,83885,68645
2213,89423,71901
2214,116396,69379
2216,80933,64847
2217,86424,67485
2218,78784,65059
2219,103173,68812
2220,75058,59926
2221,110726,69499
2222,82549,67191
2223,102847,76032
2224,111378,67315
2225,113807,84629
2226,103531,80661
2227,103752,80562
2228,99948,71769
2229,113245,76585
2230,122802,76189
2231,95892,72937
2232,95510,75479
2233,92104,74967
2234,98982,76641
2250,85783,64198
2251,96180,65408
2256,85762,62825
2257,84467,61298
2258,90442,66901
2259,80613,64252
2260,106266,68032
2261,80128,61967
2262,76018,61563
2263,76576,57932
2264,82435,60828
2265,83209,64693
2267,87511,63294
2278,78091,66277
2280,90416,67069
2281,86713,66078
2282,95241,69950
2283,88105,64012
2284,84067,66167
2285,81044,68076
2286,79088,64980
2287,82824,68241
2289,90481,70385
2290,88114,66969
2291,122770,73678
2292,83251,67930
2293,87384,69801
2294,85486,69938
2295,89076,69921
2296,84975,69954
2297,85941,69891
2298,81232,65846
2299,83006,65792
2300,125517,71761
2302,94339,71643
2303,101420,69067
2304,79553,65068
2305,99599,72611
2306,66148,53930
2307,73005,60618
2308,54885,44698
2311,80919,57736
2312,71255,48343
2315,85882,55046
2316,83584,59644
2317,85361,53248
2318,85608,66958
2319,76448,58202
2320,92040,72730
2321,88849,71126
2322,82281,67748
2323,86225,69547
2324,80445,58934
2325,82367,66457
2326,78613,66325
2327,75884,63612
2328,87427,74557
2329,73065,57310
2330,99047,84656
2333,94977,82291
2334,87954,76133
2335,91440,79701
2336,88824,76722
2337,89907,71416
2338,74998,60609
2339,93113,51710
2340,79831,60595
2341,74641,56572
2342,67114,55433
2343,78332,55566
2344,72060,58533
2345,76130,64084
2346,72511,58338
2347,63875,42704
2350,82263,60516
2351,85695,72351
2352,74699,59359
2353,74300,59900
2354,74691,42592
2355,72927,55891
2356,59374,54599
2357,73594,50678
2358,75708,51179
2359,67405,49262
2360,73657,53407
2361,67097,48744
2365,69441,44028
2369,64182,50329
2370,72967,50054
2371,65217,46755
2372,69471,49722
2379,74965,41950
2380,89169,70812
2381,82266,58955
2382,86306,66975
2386,63702,43809
2387,47579,53832
2388,79980,53116
2390,83240,64413
2395,65441,46924
2396,72181,51438
2397,85367,46297
2398,72963,35763
2399,3327,63443
2400,93401,58221
2401,77404,62411
2402,73273,52062
2403,70549,41662
2404,75003,47595
2405,54155,45036
2406,86109,51801
2408,49528,49750
2409,107966,54560
2410,63126,45947
2411,82854,53697
2415,66910,56722
2420,78297,58449
2421,86348,68492
2422,72723,50916
2423,70881,48489
2424,65103,49347
2425,79491,58878
2426,66338,48793
2427,77256,53228
2428,77327,47424
2429,71065,52304
2430,74870,51898
2431,76270,49111
2439,71306,52150
2440,70509,52780
2441,84362,51719
2443,69928,45181
2444,82419,55819
2445,79378,55622
2446,75209,54538
2447,72550,50984
2448,72718,48486
2449,66579,49823
2450,80363,55316
2452,74603,55296
2453,70090,45799
2454,75915,49725
2455,75447,51992
2456,72207,51728
2460,73898,55573
2462,70475,48642
2463,76590,53757
2464,78943,51490
2465,80819,49970
2466,75422,46945
2469,64124,43337
2470,68989,53432
2471,67668,53818
2472,71220,51523
2473,77943,53957
2474,72081,49895
2475,69210,49190
2476,71296,46324
2477,80758,52640
2478,83825,52299
2479,97059,50081
2480,74112,52734
2481,90095,44097
2482,74969,38632
2483,74816,45034
2484,76621,49630
2485,76208,50758
2486,77114,54155
2487,95149,59651
2488,82275,56485
2489,80630,56427
2490,77266,49109
2500,89643,67374
2502,77033,60801
2505,82766,65939
2506,78695,64359
2508,96135,75973
2515,111595,76783
2516,100858,77124
2517,95513,74078
2518,88341,67225
2519,92156,67628
2520,89511,62748
2525,92862,71779
2526,89889,70315
2527,82135,68954
2528,78641,62854
2529,86871,69413
2530,82632,68194
2533,93767,63766
2534,95459,61552
2535,92993,55124
2536,75649,44869
2537,75249,46252
2538,87855,44187
2539,73358,45884
2540,78210,54005
2541,77637,56994
2545,72726,45165
2546,73749,41529
2548,78343,44875
2549,77795,49543
2550,76633,51021
2551,74597,50912
2555,76265,56772
2556,91460,60238
2557,86833,71679
2558,77866,67725
2559,70128,59374
2560,79456,66801
2563,113341,57221
2564,73989,63402
2565,82173,67293
2566,76798,65603
2567,88442,76055
2568,99338,68160
2569,89084,70188
2570,92880,73666
2571,92642,73933
2572,88585,70131
2573,80374,67278
2574,85138,68548
2575,94524,62971
2576,117735,60287
2577,94619,60535
2578,86861,51858
2579,87763,60890
2580,81035,61945
2581,86161,64899
2582,94852,70047
2583,75342,46750
2584,78809,49750
2585,105869,46705
2586,81584,49104
2587,78044,50851
2588,110957,47179
2590,76675,53183
2594,76491,50770
2600,145034,82119
2601,106667,82072
2602,102917,78011
2603,153014,83619
2604,119531,90324
2605,124075,82008
2606,101163,73487
2607,106212,73413
2608,111119,77878
2609,106952,62489
2610,78351,73284
2611,102007,75767
2612,107134,81535
2614,100688,70428
2615,89110,70375
2616,104688,67845
2617,90592,70529
2618,135291,66134
2619,111427,88313
2620,93315,72823
2621,103622,78414
2622,82890,56342
2623,80930,65963
2624,64115,37914
2625,82199,44815
2626,86543,65301
2627,80942,56167
2628,74195,50152
2629,68962,41745
2630,81825,56069
2631,95653,45850
2632,80020,54847
2633,76209,49692
2640,85602,60086
2641,73348,55312
2642,77970,51705
2643,75122,55178
2644,89965,48996
2645,70764,39467
2646,77274,52639
2647,76419,49239
2648,75525,46249
2650,84584,61081
2651,76733,67485
2652,73797,51441
2653,78188,58609
2655,79307,53024
2656,73810,43898
2658,77405,42560
2659,74948,45584
2660,77590,49791
2661,84582,78359
2663,76237,57494
2665,63132,40709
2666,74643,49529
2668,75617,36203
2669,61081,36423
2671,79845,57683
2672,73652,45366
2675,58757,50258
2680,78363,56461
2681,73311,59700
2700,71814,54201
2701,74189,53346
2702,69299,45353
2703,74737,61261
2705,74372,59156
2706,62300,55516
2707,69193,42019
2710,77065,52598
2711,73181,50467
2712,74257,46819
2713,69321,48823
2714,76122,49846
2715,80990,47852
2716,78415,48122
2717,74672,49635
2720,82178,62959
2721,81879,29305
2722,76299,52455
2725,77151,42068
2726,68422,45420
2727,92551,44804
2729,82059,57166
2730,70381,53498
2731,84152,54293
2732,76108,45189
2733,80615,47140
2734,91447,49515
2735,61370,46825
2736,143129,40309
2737,80379,46490
2738,86677,55338
2739,80524,52646
2745,92699,75457
2747,83343,69200
2748,108335,59895
2749,86687,70955
2750,85909,69857
2751,93838,69230
2752,85389,71577
2753,86714,65192
2754,84022,64780
2755,88613,76943
2756,88159,67782
2757,94105,63838
2758,95025,68507
2759,81371,69675
2760,77514,65759
2761,78867,70200
2762,86923,76897
2763,83885,73664
2765,91324,68376
2766,77527,67553
2767,77565,68490
2768,91984,79941
2769,97538,86766
2770,73264,62422
2773,108331,79419
2774,93549,74925
2775,87885,57975
2776,91041,71661
2777,90746,71291
2778,88899,68417
2779,83778,67115
2780,83170,55529
2782,92653,60935
2783,81845,62515
2784,83073,65466
2785,84693,56716
2786,81126,56207
2787,77704,60326
2790,85503,67996
2791,80517,49060
2792,89310,53643
2793,83751,50935
2794,74637,49922
2795,84131,64352
2797,71818,56750
2798,97170,69558
2799,77985,62532
2800,89855,66618
2803,74876,45080
2804,74871,51627
2805,72350,51971
2806,74824,49449
2807,71386,40430
2808,66788,54743
2809,76816,40593
2810,78881,41933
2817,54164,40965
2818,78474,64141
2820,73284,55003
2821,75266,55680
2822,73356,59716
2823,76780,51123
2824,77069,51942
2825,78131,59675
2826,70231,46669
2827,71528,51863
2828,63561,34234
2829,65691,51135
2830,79949,61935
2831,70821,53203
2832,71385,56963
2833,68552,55088
2834,69106,51937
2835,95571,81302
2836,75235,48980
2839,67782,56961
2840,77978,59274
2842,62365,45829
2843,80099,50619
2844,79505,47893
2845,84193,71626
2846,72398,54928
2847,82288,70195
2848,75008,59612
2849,85394,64277
2850,89687,70148
2852,83811,70912
2864,77149,60105
2865,76166,57665
2866,86386,56049
2867,76321,44847
2868,68725,44761
2869,69066,48280
2870,80876,62125
2871,78516,54104
2873,66337,40169
2874,71693,39286
2875,62822,40372
2876,55504,43442
2877,73987,51405
2878,82101,37351
2879,79964,55583
2880,83334,66264
2898,86675,53041
2899,69617,49239
2900,91742,72615
2901,97149,65413
2902,92849,69812
2903,92814,70122
2904,98646,71433
2905,89589,72580
2906,90417,75418
2911,98426,83691
2912,84847,74184
2913,93313,77244
2914,93577,83521
3000,97057,62466
3001,297764,70309
3002,242339,82060
3003,90262,73068
3004,165810,76767
3006,99996,77920
3008,97493,77803
3010,146728,117470
3011,83079,68928
3012,84190,69717
3013,104480,83530
3015,104941,83721
3016,124624,82169
3018,97092,72918
3019,70853,58099
3020,71978,58033
3021,69053,54943
3022,75785,61509
3023,80429,65445
3024,78529,66743
3025,87249,66916
3026,93053,70661
3027,84527,71902
3028,78952,65061
3029,76397,63924
3030,85254,69587
3031,96946,78053
3032,97111,74785
3033,91805,67373
3034,89473,63090
3036,101814,64222
3037,80670,65984
3038,84238,65007
3039,108637,77197
3040,111612,74962
3041,104614,72797
3042,90672,69277
3043,81607,63753
3044,91301,70577
3046,79039,63615
3047,66619,51885
3048,67382,51002
3049,82100,64616
3051,93281,72468
3052,98743,72253
3053,93208,65939
3054,117819,74561
3055,89720,70815
3056,90431,71563
3057,90453,72730
3058,87155,68613
3059,88099,64918
3060,75038,58613
3061,72693,50053
3062,106890,49949
3063,70484,68877
3064,74607,61344
3065,111609,77535
3066,97889,76601
3067,98445,76100
3068,118237,81423
3070,103884,77532
3071,91979,70551
3072,84532,66899
3073,77726,60952
3074,72251,56223
3075,74284,57399
3076,74852,60861
3078,110622,77084
3079,128005,79762
3081,78862,62711
3082,77747,63143
3083,79880,61997
3084,106109,73130
3085,94087,73384
3086,115462,92695
3087,86067,68370
3088,89433,69235
3089,97927,72391
3090,130535,71301
3091,115818,60587
3093,122774,68181
3094,91451,69264
3095,102942,73941
3096,89700,65120
3097,112263,66581
3099,93766,64877
3101,150788,79184
3102,124078,76229
3103,133210,69388
3104,123462,68074
3105,97330,64372
3106,116987,64673
3107,94797,64977
3108,93435,59294
3109,89600,63538
3111,109656,66593
3113,113188,70201
3114,131971,75124
3115,117729,67825
3116,89336,65071
3121,109985,83448
3122,151657,82190
3123,135889,80818
3124,140022,79165
3125,91100,64875
3126,185533,83232
3127,134003,82555
3128,84300,64724
3129,95220,69867
3130,97556,69996
3131,86837,67034
3132,91990,70510
3133,90527,65925
3134,91801,68157
3135,87601,67956
3136,85406,66038
3137,81418,61873
3138,81397,64555
3139,81007,57918
3140,84899,62573
3141,144869,81769
3142,276701,75501
3143,149207,80434
3144,176995,80700
3145,136830,80639
3146,136898,85005
3147,114254,79224
3148,86353,66913
3149,95303,66366
3150,95267,63683
3151,84182,62482
3152,85597,65154
3153,78028,62774
3154,83118,63672
3155,78339,62511
3156,85602,65686
3158,85042,67128
3159,88976,66735
3160,88201,66677
3161,139195,66884
3162,122921,68956
3163,94207,73287
3164,103020,49103
3165,95878,72320
3166,88719,69260
3167,84331,66618
3168,73032,59044
3169,73576,59281
3170,85491,64677
3171,67211,53098
3172,77752,59777
3173,79422,62553
3174,68107,55518
3175,70441,52088
3177,65504,48832
3178,86034,68117
3179,81478,64336
3180,80534,64667
3181,109617,80788
3182,104041,73615
3183,98763,70965
3184,119733,81436
3185,131331,78060
3186,192903,83303
3187,152193,81192
3188,141950,90038
3189,91677,67754
3190,99347,76335
3191,139404,83584
3192,94742,71638
3193,135449,79204
3194,97901,71673
3195,99149,73442
3196,89946,69676
3197,97474,67017
3198,81127,63174
3199,83653,62531
3200,66932,55215
3201,75799,62588
3202,93779,71478
3204,102984,76185
3205,124181,85055
3206,195685,99461
3207,139198,90612
3211,96516,66468
3212,86916,69423
3213,89535,65075
3214,69741,56253
3215,82778,62949
3216,85285,63190
3217,83833,67965
3218,104397,68063
3219,76368,59709
3220,115232,65104
3221,105116,57610
3222,83499,58316
3223,87928,53036
3224,78613,59511
3225,104373,48732
3226,89956,61586
3227,109313,63850
3228,98013,64207
3230,88025,54475
3231,94012,47835
3232,101311,38010
3233,74333,40881
3234,99837,42148
3235,78297,54437
3236,74223,55224
3237,58435,41590
3238,74440,45029
3239,63141,51634
3240,89471,60074
3241,80081,55717
3242,75173,50034
3243,77235,47460
3249,74547,50291
3250,74512,55774
3251,76055,52880
3254,71751,55604
3260,74718,49684
3264,74290,49951
3265,71568,45900
3266,70049,47035
3267,56681,37635
3268,70056,43923
3269,88811,46859
3270,87028,49624
3271,69147,37358
3272,73231,44731
3273,88042,19414
3274,83226,34102
3275,73539,55739
3276,73022,47498
3277,79023,49423
3278,70808,54920
3279,76185,42884
3280,78230,55903
3281,81602,57054
3282,75422,53970
3283,81521,52736
3284,83685,48874
3285,81288,49933
3286,78225,40193
3287,67702,38653
3289,72265,40969
3292,81182,45435
3293,74736,35147
3294,79142,41857
3300,75421,51565
3301,74137,47826
3302,116351,45075
3303,80237,53773
3304,73393,50544
3305,82254,63134
3309,71983,36386
3310,72291,42534
3311,75568,48232
3312,74079,35713
3314,100125,41440
3315,98068,38931
3317,78456,32446
3318,75028,41200
3319,86079,44964
3321,87063,63349
3322,72098,40451
3323,88946,38856
3324,83864,40179
3325,63702,36459
3328,81637,65677
3329,72795,51500
3330,81764,51021
3331,83243,66705
3332,81574,62931
3333,80701,51985
3334,84245,56153
3335,77814,64157
3336,89657,67342
3337,77489,62030
3338,77501,63936
3340,86520,67512
3341,88620,71857
3342,107689,67628
3345,89813,69860
3350,86363,62538
3351,78393,57785
3352,86024,59575
3353,66598,52528
3354,98983,56750
3355,76620,56705
3356,71127,56881
3357,91844,65852
3358,75819,65306
3360,73926,48377
3361,78725,45422
3363,81075,54558
3364,78836,53841
3370,74557,52251
3371,70914,49804
3373,76308,56265
3374,78895,59803
3375,77751,44061
3377,75326,55739
3378,69144,29421
3379,80436,36082
3380,73169,55211
3381,72424,51384
3384,74589,48977
3385,73171,41029
3387,81969,33725
3388,86251,40610
3390,76703,46597
3391,93242,32317
3392,82977,36996
3393,82215,44608
3395,94958,30516
3396,84817,42745
3400,75764,53130
3401,78783,48540
3402,91592,50382
3407,90633,35423
3409,74703,39436
3412,79889,42936
3413,70419,34907
3414,78027,52822
3418,77827,42499
3419,82146,43901
3420,83905,26620
3423,88165,39837
3424,87103,34656
3427,80422,64406
3428,115233,59578
3429,84984,67675
3430,106696,64917
3431,90097,69879
3432,95133,63903
3433,97791,72409
3434,90266,66877
3435,87596,65793
3437,100204,74132
3438,103422,75606
3440,117754,76772
3441,128611,73826
3442,102442,73012
3444,86849,60058
3446,83814,59957
3447,79876,51529
3448,85699,57022
3450,82175,52353
3451,81577,54432
3453,82807,56240
3458,88741,60959
3460,81285,50853
3461,79095,49847
3462,73188,50723
3463,77027,48274
3464,71924,54363
3465,70611,50532
3467,73735,49103
3468,73182,56106
3469,80319,61438
3472,66085,45418
3475,67613,46192
3477,74989,36421
3478,73675,48041
3480,72591,47499
3482,76687,37430
3483,83889,46250
3485,77233,35675
3487,107856,34270
3488,78149,31446
3490,73566,45520
3491,95731,26516
3494,70689,45270
3496,64317,51620
3498,78592,53685
3500,75363,56381
3501,81826,57518
3502,80026,50004
3505,73638,55030
3507,99451,30418
3509,83227,28612
3512,63999,37957
3515,77725,59383
3516,77526,48643
3517,74922,47971
3518,73447,44218
3521,76885,58000
3522,75214,55264
3523,77115,55103
3525,74740,45005
3527,74253,41168
3529,86904,34094
3530,73561,34788
3531,82965,37314
3533,77450,42600
3537,77185,41890
3540,82764,34531
3542,83267,25608
3544,70404,31088
3546,72243,40000
3549,77995,45681
3550,82364,58549
3551,83094,63026
3552,96923,57710
3554,76987,43802
3555,73670,55486
3556,71270,55437
3557,80546,57534
3558,81204,46453
3559,72508,43268
3561,76178,50015
3562,72005,50588
3563,69079,46908
3564,78067,54954
3565,60230,58052
3566,70266,44049
3567,66913,43546
3568,78497,48087
3570,76204,47801
3571,72093,42297
3572,87028,62276
3573,66687,31142
3575,68307,40002
3579,72075,46079
3580,63266,48607
3581,67075,48011
3583,62895,48694
3584,67130,45014
3585,79478,52119
3586,72620,47430
3588,68787,50756
3589,86791,39779
3590,78722,53255
3591,78578,55355
3594,67917,50198
3595,65813,51212
3596,111094,37647
3597,94250,49207
3599,77835,46421
3607,56748,57824
3608,79416,52711
3610,74476,53422
3612,76187,51133
3614,79815,61224
3616,76450,57875
3617,67251,46036
3618,67163,54412
3619,74155,53402
3620,73750,55710
3621,68906,54832
3622,74559,58923
3623,68894,54452
3624,69913,49710
3629,69962,54908
3630,75974,56067
3631,81912,58364
3632,78456,51692
3633,76469,57307
3634,70761,56246
3635,64238,55260
3636,69549,52909
3637,62199,46534
3638,73275,51849
3639,70102,51333
3640,69157,45378
3641,70268,56238
3644,75723,54057
3646,76828,51332
3649,68874,47052
3658,79968,63755
3659,88934,63464
3660,75693,55902
3661,83414,50940
3662,82487,83236
3663,80943,60870
3664,84171,55671
3665,77349,46018
3666,76427,49777
3669,75203,49197
3670,83835,55276
3671,77424,53856
3672,75651,53799
3673,76309,54176
3675,76027,56317
3676,82935,56487
3677,77680,56053
3678,79258,54808
3682,76946,54706
3683,73228,59745
3685,102419,54834
3687,76752,60553
3688,79002,61680
3689,82931,53500
3690,77252,59432
3691,81984,60863
3694,74117,67190
3695,71883,49337
3697,78400,48121
3698,78715,51812
3699,67183,48881
3700,71127,50466
3701,75449,45642
3705,69221,43147
3707,74091,45605
3708,67550,53511
3709,71726,36744
3711,96131,55398
3712,77407,53051
3713,70003,52259
3714,77079,52374
3715,70297,44045
3717,80490,50429
3718,81262,51015
3719,80078,52225
3720,72349,48077
3722,77956,48036
3723,74760,48927
3724,78698,45062
3725,74405,52961
3726,67118,38468
3727,73911,39566
3728,71623,50221
3730,76972,52546
3732,69309,49909
3733,75951,44648
3735,73175,48079
3737,73788,53497
3738,71944,56117
3739,104615,52877
3740,82779,52193
3741,75985,49036
3744,123454,42137
3746,75550,53386
3747,79551,53978
3749,82371,58830
3750,76512,63337
3751,79342,51843
3752,80672,66667
3753,84349,67603
3754,82302,68517
3755,82800,59168
3756,81500,65843
3757,85708,62824
3758,80446,65089
3759,103468,64963
3760,88118,63613
3761,84545,59712
3762,99067,64277
3763,78427,61693
3764,83772,64195
3765,85986,62400
3766,88900,65557
3767,90647,65391
3770,115865,58582
3775,87659,61174
3777,79166,56110
3778,55698,43457
3779,68714,44303
3781,82352,62183
3782,92843,63809
3783,84314,63446
3786,100978,74092
3787,98422,67916
3788,98970,68448
3789,108683,70358
3791,93049,64380
3792,97815,63788
3793,81357,56177
3795,87948,50664
3796,83790,61822
3797,80319,56474
3799,73171,54079
3800,72379,67861
3802,76083,59632
3803,72925,55644
3804,105265,61841
3805,76836,62744
3806,93249,67341
3807,98573,68546
3808,111769,65458
3809,82027,69009
3810,76746,62027
3812,84314,58759
3813,82336,61492
3814,80733,57974
3815,79579,58902
3816,78658,57339
3818,77409,57239
3820,84622,59886
3821,78716,54523
3822,79229,52140
3823,78439,59506
3824,84164,63187
3825,81081,64196
3831,81156,55430
3832,67344,45535
3833,68163,52115
3835,81985,52956
3840,80887,61524
3841,82148,58445
3842,79465,64013
3844,89865,71178
3847,75894,61952
3850,86584,66061
3851,82155,63140
3853,112284,85054
3854,89241,75561
3856,87291,72205
3857,74803,63889
3858,76584,59043
3859,75884,55255
3860,81564,61703
3862,78208,62738
3864,67389,47473
3865,68754,52432
3869,89257,70737
3870,79261,59137
3871,81049,58059
3873,72789,61115
3874,75360,56642
3875,74467,52663
3878,79031,48713
3880,78802,47081
3882,74071,54786
3885,67074,51408
3886,71971,55258
3887,65538,52002
3888,71999,49494
3889,57687,37381
3890,83590,51569
3891,81162,41357
3892,78082,41897
3895,64677,32953
3896,77570,50528
3898,68895,47398
3900,78538,36893
3902,70731,47901
3903,83824,49867
3904,79928,45652
3909,73623,49752
3910,83513,64882
3911,82436,57587
3912,84418,60910
3913,89273,59765
3915,78684,58640
3916,128996,51987
3918,81770,61404
3919,74322,59188
3920,75096,72174
3921,80786,36822
3922,75490,47070
3923,81714,46005
3925,79294,50613
3926,109925,56973
3927,99269,53200
3928,129436,48689
3929,131605,43725
3930,121720,68845
3931,92064,59063
3933,106432,55896
3934,100103,62951
3936,90323,55440
3937,118667,55981
3938,88720,51973
3939,77153,51822
3940,75210,45328
3941,80365,48936
3942,101993,48645
3943,199218,44493
3944,194314,44756
3945,82017,56293
3946,75072,48969
3950,76492,54135
3951,72320,46311
3953,78296,50404
3954,83138,49268
3956,76963,43367
3957,70124,45489
3958,72563,39835
3959,75554,42116
3960,79132,47559
3962,71314,54868
3964,64670,45664
3965,65205,45042
3966,72045,46942
3967,73794,38712
3971,72990,52288
3975,78225,66295
3976,69181,57535
3977,76676,62937
3978,78564,66337
3979,75929,49725
3980,82112,61002
3981,77256,56914
3984,74307,53634
3987,83537,58873
3988,74086,50314
3990,78331,49792
3991,67091,48351
3992,75215,54327
3995,72398,48667
3996,86901,53505
4000,96593,68873
4001,124423,65974
4002,107939,83369
4004,104394,73233
4005,134814,84419
4006,92484,71256
4007,151570,80759
4008,92105,62165
4009,119332,65496
4010,93925,74446
4011,128289,81052
4012,94548,75138
4013,91771,73869
4014,89306,72709
4017,87099,69568
4018,78137,64984
4019,81929,62087
4020,91161,63337
4021,75329,59418
4022,75488,59410
4025,63856,49588
4030,101633,78924
4031,97771,77527
4032,83426,64701
4034,85390,65996
4035,100541,74055
4036,79267,64069
4037,94112,75892
4051,111666,81949
4052,90822,74841
4053,91381,72334
4054,84852,68594
4055,92945,74480
4059,101517,77068
4060,125435,87213
4061,109182,79509
4064,125451,84231
4065,138748,89167
4066,108410,78026
4067,130494,76267
4068,121705,76726
4069,133248,83731
4070,100126,76504
4073,105300,78965
4074,92932,70464
4075,105668,78222
4076,73009,58274
4077,69861,55916
4078,79779,66839
4101,101907,74752
4102,83148,67603
4103,88471,69501
4104,111245,73288
4105,94866,70175
4106,76398,59472
4107,83140,68016
4108,73265,58639
4109,78374,54195
4110,75581,61483
4111,80564,66187
4112,84136,64111
4113,76736,59005
4114,66443,52938
4115,80699,65901
4116,78976,60701
4117,77830,65283
4118,76220,62753
4119,80110,61505
4120,90549,70527
4121,103097,77658
4122,85411,67391
4123,85146,66147
4124,81136,65633
4125,78034,60169
4127,80770,62843
4128,83709,67722
4129,78835,62712
4130,92753,66066
4131,71553,58461
4132,69903,58720
4133,75143,60279
4151,101501,74895
4152,102153,75838
4153,99984,72741
4154,108832,84278
4155,150001,67120
4156,113631,73701
4157,83176,64884
4158,83298,65444
4159,89116,68266
4160,97046,73051
4161,79166,64662
4163,106535,64529
4164,91769,70430
4165,87894,66779
4169,103971,73975
4170,103390,79291
4171,139597,93862
4172,92179,76043
4173,84006,69148
4174,82889,68125
4178,88898,70707
4179,97884,73974
4183,82560,50471
4184,72324,47706
4205,73445,57483
4207,76875,60261
4208,82487,66447
4209,79746,64214
4210,84981,64353
4211,79935,59244
4212,102637,63169
4213,87189,60383
4214,81505,59553
4215,80856,55674
4216,90499,55848
4217,99061,54385
4218,99462,58093
4219,94936,54400
4220,86780,60234
4221,84974,59481
4223,90269,57391
4224,86799,59068
4225,84796,51596
4226,84056,58431
4227,81575,62162
4228,89980,57589
4230,85992,61598
4270,84980,63663
4271,85234,56135
4272,84682,54453
4275,80241,58126
4280,80592,64898
4285,78805,60763
4287,75275,50793
4300,81166,69083
4301,72123,61035
4303,69068,56544
4304,75567,61310
4305,78196,63887
4306,85414,69736
4307,77268,61041
4309,73750,57053
4310,73013,54121
4311,73885,58670
4312,78208,58650
4313,72852,54264
4314,73639,48508
4340,76972,60482
4341,76795,61643
4342,74832,55480
4343,65325,51761
4344,76696,61289
4346,80496,64436
4347,72339,53813
4350,84222,62511
4352,88549,65975
4353,66548,57401
4354,75516,62945
4355,72670,54808
4356,76502,59222
4357,77810,59579
4358,79043,64102
4359,75331,60778
4360,69547,57274
4361,72826,54301
4362,67598,53661
4363,73580,57505
4364,110166,41298
4365,66558,50299
4370,72195,56309
4371,67377,54274
4372,70090,47179
4373,70186,52254
4374,127897,57332
4375,65104,42984
4376,66490,47046
4377,64830,47714
4378,64942,49857
4380,67868,47368
4381,65411,44649
4382,69653,42436
4383,63779,46234
4385,71444,58286
4387,72054,57802
4388,92683,46805
4390,76477,57257
4400,75142,62123
4401,72955,61239
4402,66525,49056
4403,77147,48509
4404,70120,48009
4405,80593,62753
4406,73926,51823
4407,84682,50986
4408,72367,57137
4410,75133,48599
4411,79647,47054
4412,73121,52415
4413,84815,69907
4415,75592,60453
4416,76544,48680
4417,77111,49979
4418,83369,39876
4419,64541,48191
4420,77163,41178
4421,66963,49880
4422,83036,43140
4423,67038,34955
4424,74058,49392
4425,64989,47043
4426,57558,43157
4427,57943,51004
4428,56164,48310
4454,73003,39989
4455,81652,65374
4462,76719,41941
4465,70638,53093
4467,48728,39646
4468,56966,35567
4470,69048,58904
4472,72851,49457
4477,81971,43742
4478,82147,47145
4480,64692,55811
4481,84562,69606
4482,93400,67147
4486,45055,48869
4487,66816,56863
4488,79968,42290
4490,58838,51134
4492,93502,66944
4494,56304,44105
4496,42323,51094
4497,80264,43329
4498,56077,55511
4500,82838,66866
4501,75130,62086
4502,80028,66419
4503,78613,64410
4504,82811,68941
4505,81223,63371
4506,74437,59169
4507,84337,53907
4508,73238,59144
4509,86865,72426
4510,73696,56785
4511,80837,59690
4512,78705,60439
4514,78065,59707
4515,74813,59673
4516,79400,59710
4517,80505,63431
4518,79106,58858
4519,79217,59806
4520,111196,77537
4521,90983,68718
4550,77811,58044
4551,83648,58199
4552,82151,48366
4553,82786,59448
4554,83368,55021
4555,84894,57809
4556,90418,59897
4557,84304,59328
4558,81007,54368
4559,84112,57839
4560,77420,54896
4561,83826,56525
4562,87670,53569
4563,83416,52287
4564,84447,55020
4565,77549,50109
4566,99151,48385
4567,103974,50564
4568,78924,55123
4569,72767,52221
4570,73637,55637
4571,72546,52310
4572,96728,58352
4573,86811,58226
4574,74225,52323
4575,95016,59573
4580,72814,45282
4581,75261,50162
4600,67438,52304
4601,66859,45931
4605,67653,52978
4606,69083,54006
4608,73974,52068
4610,78314,63115
4611,53826,45423
4612,62724,45959
4613,64470,51904
4614,71018,57059
4615,74652,58632
4620,67570,42264
4621,72604,53098
4625,65506,47734
4626,63834,46230
4627,67756,40569
4630,74571,50035
4650,74067,56131
4655,77940,55542
4659,73857,51556
4660,74383,52561
4662,74450,54238
4670,77740,57549
4671,72490,58138
4673,73858,56914
4674,74546,58184
4676,92391,46027
4677,83900,61429
4678,91708,76185
4680,98898,85919
4694,89923,69449
4695,91605,91056
4697,89868,72735
4699,84521,67952
4700,92592,69105
4701,84125,68922
4702,83796,69510
4703,92168,71723
4704,80521,56302
4705,144470,41782
4707,83839,69316
4709,109579,103108
4710,89218,68004
4711,93676,77863
4712,121751,59964
4713,70294,52443
4714,76043,63562
4715,92143,78878
4716,83720,71453
4717,107677,101691
4718,93193,80460
4719,77344,57553
4720,100004,83451
4721,98008,69860
4722,90394,57733
4723,92763,63578
4724,59224,45763
4725,81146,59688
4726,59711,45699
4727,60018,50072
4728,79479,38092
4730,78973,63811
4731,65010,47116
4732,32909,52733
4735,74652,49684
4736,116168,72333
4737,93331,77637
4738,84344,69344
4739,76448,60150
4740,94630,77431
4741,90198,73798
4742,77920,68610
4743,107616,103330
4744,117124,111152
4745,107694,98450
4746,119290,110616
4750,95297,81383
4751,96033,78196
4753,97499,86375
4754,90333,75449
4756,87461,68915
4757,82476,65005
4798,88076,63067
4799,84309,63891
4800,84912,62344
4801,62080,59065
4802,82921,60249
4803,64699,59357
4804,88124,73979
4805,79998,63123
4806,78211,53420
4807,80962,56859
4808,82274,58972
4809,78714,59159
4810,99627,72517
4811,87303,72266
4812,86443,65912
4813,77543,75812
4814,86568,69368
4815,80085,64066
4816,84833,62747
4817,83271,68995
4818,87054,72338
4819,76947,48812
4820,81828,66441
4821,65359,56833
4822,72644,54030
4823,90526,51489
4824,96483,78647
4825,102887,90660
4828,75604,61664
4829,81317,62556
4830,74752,62407
4849,68029,47946
4850,79783,55794
4852,81443,55827
4854,71730,50615
4855,75588,54133
4856,74213,52815
4858,80738,58025
4859,72735,53652
4860,72686,52234
4861,77056,54251
4865,82494,62157
4868,80205,61565
4869,79064,63660
4870,86568,62905
4871,75565,51630
4872,78325,48090
4873,74443,53806
4874,106481,93117
4875,82362,68455
4876,74927,62018
4877,74226,47353
4878,83977,64248
4879,88919,64114
4880,73645,54395
4881,80953,57476
4882,80714,55248
4883,75733,53674
4884,85465,54652
4885,81447,56266
4886,77589,53115
4887,74321,56978
4888,72017,55325
4890,78145,64957
4891,75593,54176
4892,75072,63294
4895,75968,59375
5000,97717,64602
5001,174169,61481
5006,136317,64757
5007,82570,64901
5008,75760,60091
5009,78619,58509
5010,70630,57530
5011,79533,62167
5012,68339,55304
5013,-9436,58259
5014,76258,60975
5015,82349,65411
5016,85129,67178
5017,76166,61942
5018,85147,64979
5019,86945,64485
5020,90950,60227
5021,93877,57161
5022,103330,67432
5023,75200,58061
5024,89277,59437
5025,82545,60109
5031,81891,62210
5032,87654,60066
5033,73970,58659
5034,108065,67903
5035,84650,61883
5037,79091,61062
5038,76827,60022
5039,80912,61847
5040,100461,62356
5041,93332,66259
5042,76578,56027
5043,75382,58667
5044,100145,62842
5045,100533,62255
5046,79390,61439
5047,75582,58405
5048,93881,62616
5049,91336,62151
5050,88944,60387
5051,91752,66501
5052,97072,66512
5061,139092,69337
5062,117612,66995
5063,104920,69010
5064,123689,63188
5065,123540,62555
5066,126442,65258
5067,111855,67706
5068,113511,63109
5069,119214,68151
5070,88704,61549
5071,126027,51772
5072,95273,61982
5073,85595,59071
5074,77208,55990
5075,79853,57469
5076,84491,59515
5081,138468,65562
5082,97972,66044
5083,84185,63821
5084,67792,50709
5085,77689,61289
5086,76804,61770
5087,76251,59281
5088,70382,55472
5089,85276,61044
5090,75169,55963
5091,80713,60246
5092,73667,58605
5093,73533,56836
5094,77635,53205
5095,78987,62920
5096,73751,55982
5097,76778,59871
5098,73036,57469
5106,87147,46366
5107,69067,54639
5108,69495,55239
5109,73916,56305
5110,71531,56203
5111,85875,82851
5112,70229,54832
5113,64843,51131
5114,74301,60084
5115,70066,58370
5116,75482,60064
5117,79265,61910
5118,81376,61911
5120,77055,44842
5121,71436,51743
5125,84428,66652
5126,78696,61242
5127,80190,63877
5131,85347,56455
5132,101218,60240
5133,88975,65592
5134,96935,60535
5136,95214,60166
5137,97742,60099
5138,82220,59159
5139,83403,59352
5140,101534,72730
5141,94692,66234
5142,90711,54876
5144,103143,64004
5150,148708,83455
5151,105574,59870
5152,122148,67760
5153,97244,62061
5154,118190,69898
5155,87883,62761
5156,95760,69746
5157,87893,58277
5158,78743,62502
5159,81009,61157
5160,91733,44359
5161,72581,57537
5162,72113,57615
5163,70196,54392
5164,66894,52608
5165,73170,54732
5166,69748,52533
5167,77961,59387
5168,73589,57125
5169,75134,60334
5170,75104,54973
5171,83856,53959
5172,83444,53939
5173,74733,54507
5174,76884,54602
5201,91012,57513
5202,75203,52825
5203,71417,45269
5204,73338,43566
5210,78695,56261
5211,76129,43225
5212,74071,40852
5213,88684,49609
5214,74788,43368
5220,67667,35814
5221,66618,35666
5222,76734,36561
5223,69694,41598
5231,93769,60161
5232,87210,67595
5233,89497,57788
5234,80023,59457
5235,75504,53299
5236,82891,67695
5237,73432,46944
5238,72170,47483
5240,80968,55707
5241,82237,58685
5242,95993,63087
5243,94066,59110
5244,83813,60320
5245,95281,56793
5250,87898,64076
5251,81080,61067
5252,77461,61005
5253,69604,50722
5254,73835,52878
5255,77232,53819
5256,70109,50078
5259,65551,44558
5260,70051,49509
5261,94873,33729
5262,71839,40074
5264,70549,44537
5265,84117,37918
5266,89782,40567
5267,76301,46479
5268,74300,49251
5269,75924,36007
5270,80580,41394
5271,77950,49530
5272,93941,44180
5273,85671,39281
5275,85654,42271
5276,81909,37868
5277,81736,53165
5278,84315,43956
5279,75694,47842
5280,79129,51096
5290,76381,56829
5291,79524,55608
5301,91047,31785
5302,102366,43644
5303,76694,41297
5304,83009,39832
5306,64577,32296
5307,71114,38958
5308,49276,29653
5311,57350,38661
5320,71560,50136
5321,73408,50702
5322,68886,47874
5330,72589,46777
5331,83447,43442
5332,71928,50061
5333,72473,50615
5340,73038,49546
5341,73289,51113
5342,72031,49679
5343,72788,52572
5344,71691,53190
5345,73845,49890
5346,70114,55205
5350,74328,59120
5351,80129,60747
5352,86690,59243
5353,80110,54659
5354,62934,44111
5355,79782,57882
5356,76166,54680
5357,70433,47600
5360,81662,58068
5371,78695,61205
5372,76170,58204
5373,78709,52848
5374,79878,46648
5381,68565,38268
5400,75260,56651
5401,75365,53306
5410,75677,58550
5411,79560,44164
5412,77237,45119
5413,74301,42899
5414,67144,40741
5415,94336,49212
5416,70817,49034
5417,77618,43774
5419,100605,43332
5420,102921,32643
5422,71045,47210
5431,74137,44394
5432,89746,28530
5433,81909,63376
5434,83544,39642
5440,94541,47990
5451,82948,48766
5452,77243,54052
5453,82212,51897
5454,75565,44553
5460,77408,46453
5461,79071,48901
5462,76945,45842
5464,78082,47094
5470,71946,40757
5471,58584,24608
5472,64941,40845
5473,75636,50846
5480,74061,50305
5481,65398,41569
5482,67466,42883
5483,69047,44937
5485,82665,52783
5490,57812,39710
5491,86967,50759
5495,82536,59740
5501,76864,58856
5502,84586,54782
5510,74241,44883
5520,85948,43006
5521,88500,33715
5522,80180,45179
5523,84993,56341
5540,77788,61475
5550,69358,50177
5552,99913,27216
5554,76222,50735
5555,81180,30836
5556,73844,49045
5558,75670,45501
5560,100658,36081
5570,81579,43703
5571,80101,39305
5572,97601,28747
5573,87657,39068
5575,76498,39943
5576,81144,42661
5577,69933,39916
5580,69493,31210
5581,83576,39727
5582,78389,45550
5583,73472,39939
5600,90171,75693
5602,73208,49322
5603,63703,41652
5604,82822,44702
5605,71461,43688
5606,78933,52309
5607,76618,48115
5608,81807,69327
5609,91269,81621
5630,68877,40806
5631,80588,39885
5632,66896,32171
5633,46293,29995
5640,74037,42653
5641,72713,35189
5642,58609,22459
5650,71005,19412
5651,55919,31073
5652,72691,42923
5653,59674,30244
5654,60706,42789
5655,54827,38479
5661,86625,46011
5670,79375,45852
5671,77541,33866
5680,75366,44791
5690,76765,55266
5700,81875,65142
5710,83394,70351
5720,91398,78335
5722,92028,72871
5723,73475,53606
5724,73374,68827
5725,118567,110465
5730,81503,24309
5731,73197,64686
5732,73754,41171
5733,80619,51200
5734,85320,63650
6000,100725,80630
6001,89928,68724
6003,89672,72003
6004,105564,84252
6005,110028,84700
6006,107875,80331
6007,122562,87015
6008,136176,87840
6009,198235,91874
6010,171741,87744
6011,307608,88771
6012,195035,82895
6014,133752,86940
6015,187943,83199
6016,107001,83897
6017,84205,65779
6018,108428,79832
6019,108477,81238
6020,119462,75953
6021,94555,68599
6022,87429,68000
6023,103751,75737
6024,88221,70030
6025,99905,73475
6026,94437,73339
6027,91206,71625
6028,98534,79089
6029,124842,75316
6030,88687,70751
6031,85341,73166
6032,88961,53626
6033,99322,50198
6034,82997,70791
6035,88331,72338
6036,87905,75291
6037,90330,70547
6038,86936,75595
6041,88541,67197
6043,106108,58864
6044,82809,50917
6050,131685,78675
6051,92755,75181
6052,100357,77819
6053,95918,77602
6054,87422,69970
6055,89639,73620
6056,85986,68482
6057,87987,70624
6058,84470,68968
6059,94106,65214
6060,89307,69784
6061,73255,60929
6062,82393,63204
6063,78229,64045
6064,74509,60468
6065,88664,71643
6066,78607,64413
6067,96706,65621
6069,89126,75863
6070,111378,77798
6071,101045,73151
6072,101356,74597
6073,94884,70111
6074,91144,69220
6076,99775,69895
6077,99523,54564
6078,97649,61156
6081,96141,74577
6082,92581,73509
6083,116099,76831
6084,90082,71240
6090,97122,57310
6100,94691,75435
6101,91500,75920
6102,77253,63766
6103,88596,74492
6104,88575,72978
6105,81538,68309
6106,105556,53547
6107,77729,65179
6108,80258,66596
6109,77558,62140
6110,81873,68459
6111,85765,67548
6112,85300,71496
6120,95916,85805
6121,98325,67660
6122,88337,73283
6123,88506,68973
6124,96545,76951
6125,93195,68892
6126,82521,66973
6147,78086,65115
6148,103920,72315
6149,97727,74804
6150,101794,71924
6151,129887,80198
6152,106207,75686
6153,141719,77165
6154,109038,76375
6155,90485,74720
6156,120064,77744
6157,110667,77333
6158,133016,82007
6159,156992,80965
6160,108579,72431
6161,79647,73568
6162,105499,73272
6163,91632,70927
6164,90568,77031
6165,86076,54986
6166,100137,72979
6167,83339,70307
6168,86917,69874
6169,89462,73202
6170,84898,75070
6171,92753,81358
6172,91469,78970
6173,102695,89748
6174,92524,78623
6175,97944,82393
6176,89130,72441
6180,92128,79696
6181,118512,82840
6207,97572,76380
6208,95455,75251
6209,91031,68805
6210,94521,71287
6211,98017,75668
6213,93243,70288
6214,94714,70642
6215,93344,75972
6218,82101,63091
6220,85066,64367
6221,71803,62197
6223,83667,68036
6224,88840,65885
6225,94562,78842
6226,93841,75596
6227,91096,73837
6228,75515,48719
6229,76061,52508
6230,90885,68940
6231,136580,51940
6232,88459,73094
6233,91169,74929
6236,92002,64582
6237,94633,67510
6239,82319,64584
6240,90328,56413
6244,85496,44236
6251,79301,57657
6252,69112,61197
6253,76846,57064
6254,95061,81264
6255,83458,59624
6256,82680,53751
6258,75200,54441
6260,85255,47738
6262,70341,52279
6271,85052,64504
6275,77375,51246
6280,84526,57543
6281,91949,57211
6282,107818,50988
6284,86647,60822
6285,80682,54895
6286,83184,53076
6288,69950,50290
6290,76098,44216
6302,88424,56751
6304,102975,49574
6306,93316,40330
6308,92054,48320
6309,94599,46578
6311,87614,52802
6312,83727,53116
6313,79709,56235
6315,84156,45492
6316,99041,36919
6317,78954,51571
6318,87305,39561
6320,90851,37734
6321,77062,41019
6322,105793,30704
6323,79194,51138
6324,78146,51177
6326,77442,49705
6327,69128,41839
6328,85974,34239
6330,81596,56060
6331,88230,48743
6332,93648,50311
6333,79531,48333
6335,98976,48672
6336,105409,34944
6337,100582,38760
6338,112953,32294
6341,107525,37588
6343,91373,26281
6346,101194,46166
6348,96530,62752
6350,83391,34220
6352,119965,27402
6353,96740,44773
6355,110411,29495
6356,123405,33014
6357,101142,22377
6358,114529,33053
6359,106001,32526
6361,109134,22341
6363,78405,25173
6365,89836,34875
6367,95115,44045
6369,96288,35786
6370,93835,40603
6372,87128,32174
6375,98496,42696
6383,102496,42573
6386,125123,28214
6390,100926,85573
6391,99185,40090
6392,94984,34774
6393,65131,21044
6394,80652,32548
6395,85424,37513
6396,87586,45602
6398,77292,44504
6401,86040,62405
6403,68502,43675
6405,85609,43410
6407,90236,49628
6409,84094,36824
6410,89372,51390
6411,82663,30348
6415,87423,61053
6418,94205,47268
6420,110758,37538
6421,103605,32017
6423,50368,59924
6425,106159,21049
6426,93062,66577
6429,87406,73487
6430,103084,90447
6431,81364,64781
6432,96608,83127
6433,104826,84777
6436,77266,66793
6437,115096,111296
6438,84014,71381
6440,92414,74693
6442,109218,97221
6443,77796,66092
6444,146994,104113
6445,132410,23973
6446,135042,25063
6447,129001,31826
6448,94966,46242
6450,93135,59329
6460,87294,45642
6461,92927,36250
6466,79127,30240
6468,102146,45496
6472,66537,23202
6475,78298,45918
6477,79811,35536
6479,81085,44244
6485,95577,38916
6488,80132,36707
6490,73414,46295
6501,90553,65023
6502,86877,65264
6503,75338,52387
6504,86372,85211
6505,70428,34674
6507,102261,46381
6509,101299,58164
6510,87064,57734
6511,85291,40718
6512,78880,24422
6513,77161,42930
6514,94030,61890
6515,87277,39945
6516,92728,60169
6517,91013,48999
6518,67169,49434
6519,72073,54973
6521,79722,45056
6522,98201,43682
6525,95286,60204
6528,82461,50417
6530,89698,66173
6531,97561,65357
6532,90010,69043
6535,92293,50305
6536,83906,55085
6537,78402,62625
6556,91361,72206
6558,81568,66143
6560,81856,69666
6562,89802,72321
6564,92098,62568
6566,90515,64248
6567,85235,75158
6568,94462,42246
6569,85710,35570
6571,113539,47164
6575,85767,30402
6603,90003,53157
6606,67816,25054
6608,75360,33002
6609,84765,55249
6612,86810,37486
6620,43025,49566
6623,84637,54399
6630,80097,53089
6635,76717,61782
6638,87682,64386
6640,75062,62954
6642,89109,64759
6646,77415,63497
6701,79553,57762
6707,90732,71136
6710,124591,113043
6713,129369,116516
6714,115462,107932
6716,122635,123449
6718,77897,68778
6720,119939,114932
6721,122419,113264
6722,108702,102922
6725,88837,72206
6726,91080,73991
6728,85215,69875
6740,87946,71138
6743,90946,71819
6751,116090,112857
6753,110024,104137
6754,121510,119996
6760,93717,69900
6765,78472,66021
6770,81194,67557
6798,102382,84093
6799,78847,70232
6849,86104,40696
6850,177581,99788
6872,135477,86167
6892,104041,65902
6904,234156,76128
6910,153299,83756
6911,112738,49586
6913,108343,77182
6916,106915,73856
6917,106851,60808
6918,100265,78423
6919,93461,81921
6920,116495,81481
6922,131506,98016
6923,90050,58309
6924,98788,72100
6926,86035,41127
6929,164118,64256
6931,151559,113410
6932,122153,71295
6936,96963,69649
6943,96417,69041
6944,90674,52823
6946,91775,55579
6947,81642,54148
6951,138961,82825
6952,107003,79750
6953,146447,87317
6955,92077,67721
6959,117369,77826
6964,120746,47526
6979,243116,90903
6981,108565,80533
6984,119056,61458
6985,108242,96022
7000,93257,62412
7001,221748,43941
7002,94005,64788
7004,99345,61545
7005,115361,61797
7006,173280,62636
7007,98212,69207
7008,86254,63937
7009,70898,55848
7010,69238,54501
7011,71409,56855
7012,75820,58200
7015,83560,59855
7016,66564,53445
7017,78155,60853
7018,84223,60123
7019,69376,56188
7020,84680,59910
7021,84517,58222
7022,80325,56891
7023,89287,57437
7024,90251,58398
7025,89142,57968
7026,73664,55979
7027,68959,51602
7030,72339,56556
7050,82750,59535
7051,85915,57160
7052,86336,61435
7053,97645,63927
7054,82923,59465
7055,75031,55942
7109,75158,54674
7112,74148,47928
7113,75643,52881
7116,74639,51631
7117,74385,46219
7120,79861,46836
7140,72093,55637
7150,79489,54787
7155,83173,49910
7162,97366,48651
7163,75013,51147
7170,93826,64412
7171,75033,60054
7172,75512,56397
7173,76238,56529
7174,77574,54050
7175,76210,50061
7176,75131,53810
7177,67540,40747
7178,71060,51914
7179,73866,41388
7180,62003,35285
7182,68509,48554
7184,68993,46094
7185,81930,40000
7186,64301,43187
7187,70616,33278
7190,73325,46816
7209,95149,39160
7210,78579,50574
7211,78061,54321
7212,82414,54533
7213,71268,49107
7214,76524,57974
7215,73520,46266
7216,70418,40797
7248,68779,53371
7249,75706,57331
7250,84678,59664
7252,84424,59170
7253,75847,59029
7254,66508,57084
7255,77961,45290
7256,84531,50415
7258,97678,59757
7259,71285,53935
7260,70898,51570
7261,71705,38326
7262,73172,50314
7263,69161,44774
7264,67792,41624
7265,65625,44253
7267,73346,56756
7268,77447,59336
7270,76851,54300
7275,77849,55894
7276,71807,53649
7277,81344,60229
7290,72679,59300
7291,75873,60799
7292,72537,51297
7300,76194,58690
7301,76604,53444
7302,75904,52212
7303,75797,52311
7304,74156,50565
7305,71523,53854
7306,71976,52728
7307,80107,58277
7310,75220,56213
7315,75620,58003
7316,81629,61788
7320,80317,61863
7321,77170,60633
7322,77814,61703
7325,78214,59272
7330,73747,52494
7331,78784,55531
7467,81072,64735
7468,81527,61077
7469,124341,70848
7470,105301,90135
8007,147200,105617
9726,36971,25033
