postcode,zone,rating,annual_prod,rebate
200,3.0,1.382,9.1,3185.0
800,2.0,1.536,10.1,3535.0
801,2.0,1.536,10.1,3535.0
804,2.0,1.536,10.1,3535.0
810,2.0,1.536,10.1,3535.0
811,2.0,1.536,10.1,3535.0
812,2.0,1.536,10.1,3535.0
813,2.0,1.536,10.1,3535.0
814,2.0,1.536,10.1,3535.0
815,2.0,1.536,10.1,3535.0
820,2.0,1.536,10.1,3535.0
821,2.0,1.536,10.1,3535.0
822,2.0,1.536,10.1,3535.0
828,2.0,1.536,10.1,3535.0
829,2.0,1.536,10.1,3535.0
830,2.0,1.536,10.1,3535.0
831,2.0,1.536,10.1,3535.0
832,2.0,1.536,10.1,3535.0
834,2.0,1.536,10.1,3535.0
835,2.0,1.536,10.1,3535.0
836,2.0,1.536,10.1,3535.0
837,2.0,1.536,10.1,3535.0
838,2.0,1.536,10.1,3535.0
839,2.0,1.536,10.1,3535.0
840,2.0,1.536,10.1,3535.0
841,2.0,1.536,10.1,3535.0
845,2.0,1.536,10.1,3535.0
846,2.0,1.536,10.1,3535.0
847,2.0,1.536,10.1,3535.0
850,2.0,1.536,10.1,3535.0
851,2.0,1.536,10.1,3535.0
852,2.0,1.536,10.1,3535.0
853,2.0,1.536,10.1,3535.0
854,3.0,1.382,9.1,3185.0
860,2.0,1.536,10.1,3535.0
861,2.0,1.536,10.1,3535.0
862,3.0,1.382,9.1,3185.0
870,1.0,1.6219999999999999,10.7,3745.0
871,1.0,1.6219999999999999,10.7,3745.0
872,1.0,1.6219999999999999,10.7,3745.0
873,1.0,1.6219999999999999,10.7,3745.0
874,1.0,1.6219999999999999,10.7,3745.0
875,1.0,1.6219999999999999,10.7,3745.0
880,3.0,1.382,9.1,3185.0
881,3.0,1.382,9.1,3185.0
885,3.0,1.382,9.1,3185.0
886,2.0,1.536,10.1,3535.0
906,2.0,1.536,10.1,3535.0
907,2.0,1.536,10.1,3535.0
909,2.0,1.536,10.1,3535.0
1001,3.0,1.382,9.1,3185.0
1002,3.0,1.382,9.1,3185.0
1003,3.0,1.382,9.1,3185.0
1004,3.0,1.382,9.1,3185.0
1005,3.0,1.382,9.1,3185.0
1006,3.0,1.382,9.1,3185.0
1007,3.0,1.382,9.1,3185.0
1008,3.0,1.382,9.1,3185.0
1009,3.0,1.382,9.1,3185.0
1010,3.0,1.382,9.1,3185.0
1020,3.0,1.382,9.1,3185.0
1021,3.0,1.382,9.1,3185.0
1022,3.0,1.382,9.1,3185.0
1023,3.0,1.382,9.1,3185.0
1025,3.0,1.382,9.1,3185.0
1026,3.0,1.382,9.1,3185.0
1027,3.0,1.382,9.1,3185.0
1028,3.0,1.382,9.1,3185.0
1029,3.0,1.382,9.1,3185.0
1030,3.0,1.382,9.1,3185.0
1031,3.0,1.382,9.1,3185.0
1032,3.0,1.382,9.1,3185.0
1033,3.0,1.382,9.1,3185.0
1034,3.0,1.382,9.1,3185.0
1035,3.0,1.382,9.1,3185.0
1036,3.0,1.382,9.1,3185.0
1037,3.0,1.382,9.1,3185.0
1038,3.0,1.382,9.1,3185.0
1039,3.0,1.382,9.1,3185.0
1040,3.0,1.382,9.1,3185.0
1041,3.0,1.382,9.1,3185.0
1042,3.0,1.382,9.1,3185.0
1043,3.0,1.382,9.1,3185.0
1044,3.0,1.382,9.1,3185.0
1045,3.0,1.382,9.1,3185.0
1046,3.0,1.382,9.1,3185.0
1100,3.0,1.382,9.1,3185.0
1101,3.0,1.382,9.1,3185.0
1105,3.0,1.382,9.1,3185.0
1106,3.0,1.382,9.1,3185.0
1107,3.0,1.382,9.1,3185.0
1108,3.0,1.382,9.1,3185.0
1109,3.0,1.382,9.1,3185.0
1110,3.0,1.382,9.1,3185.0
1112,3.0,1.382,9.1,3185.0
1113,3.0,1.382,9.1,3185.0
1114,3.0,1.382,9.1,3185.0
1115,3.0,1.382,9.1,3185.0
1116,3.0,1.382,9.1,3185.0
1117,3.0,1.382,9.1,3185.0
1118,3.0,1.382,9.1,3185.0
1119,3.0,1.382,9.1,3185.0
1120,3.0,1.382,9.1,3185.0
1121,3.0,1.382,9.1,3185.0
1122,3.0,1.382,9.1,3185.0
1123,3.0,1.382,9.1,3185.0
1124,3.0,1.382,9.1,3185.0
1125,3.0,1.382,9.1,3185.0
1126,3.0,1.382,9.1,3185.0
1127,3.0,1.382,9.1,3185.0
1128,3.0,1.382,9.1,3185.0
1129,3.0,1.382,9.1,3185.0
1130,3.0,1.382,9.1,3185.0
1131,3.0,1.382,9.1,3185.0
1132,3.0,1.382,9.1,3185.0
1133,3.0,1.382,9.1,3185.0
1134,3.0,1.382,9.1,3185.0
1135,3.0,1.382,9.1,3185.0
1136,3.0,1.382,9.1,3185.0
1137,3.0,1.382,9.1,3185.0
1138,3.0,1.382,9.1,3185.0
1139,3.0,1.382,9.1,3185.0
1140,3.0,1.382,9.1,3185.0
1141,3.0,1.382,9.1,3185.0
1142,3.0,1.382,9.1,3185.0
1143,3.0,1.382,9.1,3185.0
1144,3.0,1.382,9.1,3185.0
1145,3.0,1.382,9.1,3185.0
1146,3.0,1.382,9.1,3185.0
1147,3.0,1.382,9.1,3185.0
1148,3.0,1.382,9.1,3185.0
1149,3.0,1.382,9.1,3185.0
1150,3.0,1.382,9.1,3185.0
1151,3.0,1.382,9.1,3185.0
1152,3.0,1.382,9.1,3185.0
1153,3.0,1.382,9.1,3185.0
1154,3.0,1.382,9.1,3185.0
1155,3.0,1.382,9.1,3185.0
1156,3.0,1.382,9.1,3185.0
1157,3.0,1.382,9.1,3185.0
1158,3.0,1.382,9.1,3185.0
1159,3.0,1.382,9.1,3185.0
1160,3.0,1.382,9.1,3185.0
1161,3.0,1.382,9.1,3185.0
1162,3.0,1.382,9.1,3185.0
1163,3.0,1.382,9.1,3185.0
1164,3.0,1.382,9.1,3185.0
1165,3.0,1.382,9.1,3185.0
1166,3.0,1.382,9.1,3185.0
1167,3.0,1.382,9.1,3185.0
1168,3.0,1.382,9.1,3185.0
1169,3.0,1.382,9.1,3185.0
1170,3.0,1.382,9.1,3185.0
1171,3.0,1.382,9.1,3185.0
1172,3.0,1.382,9.1,3185.0
1173,3.0,1.382,9.1,3185.0
1174,3.0,1.382,9.1,3185.0
1175,3.0,1.382,9.1,3185.0
1176,3.0,1.382,9.1,3185.0
1177,3.0,1.382,9.1,3185.0
1178,3.0,1.382,9.1,3185.0
1179,3.0,1.382,9.1,3185.0
1180,3.0,1.382,9.1,3185.0
1181,3.0,1.382,9.1,3185.0
1182,3.0,1.382,9.1,3185.0
1183,3.0,1.382,9.1,3185.0
1184,3.0,1.382,9.1,3185.0
1185,3.0,1.382,9.1,3185.0
1186,3.0,1.382,9.1,3185.0
1187,3.0,1.382,9.1,3185.0
1188,3.0,1.382,9.1,3185.0
1189,3.0,1.382,9.1,3185.0
1190,3.0,1.382,9.1,3185.0
1191,3.0,1.382,9.1,3185.0
1192,3.0,1.382,9.1,3185.0
1193,3.0,1.382,9.1,3185.0
1194,3.0,1.382,9.1,3185.0
1195,3.0,1.382,9.1,3185.0
1196,3.0,1.382,9.1,3185.0
1197,3.0,1.382,9.1,3185.0
1198,3.0,1.382,9.1,3185.0
1199,3.0,1.382,9.1,3185.0
1201,3.0,1.382,9.1,3185.0
1202,3.0,1.382,9.1,3185.0
1203,3.0,1.382,9.1,3185.0
1205,3.0,1.382,9.1,3185.0
1207,3.0,1.382,9.1,3185.0
1208,3.0,1.382,9.1,3185.0
1209,3.0,1.382,9.1,3185.0
1210,3.0,1.382,9.1,3185.0
1211,3.0,1.382,9.1,3185.0
1212,3.0,1.382,9.1,3185.0
1213,3.0,1.382,9.1,3185.0
1214,3.0,1.382,9.1,3185.0
1215,3.0,1.382,9.1,3185.0
1216,3.0,1.382,9.1,3185.0
1217,3.0,1.382,9.1,3185.0
1218,3.0,1.382,9.1,3185.0
1219,3.0,1.382,9.1,3185.0
1220,3.0,1.382,9.1,3185.0
1221,3.0,1.382,9.1,3185.0
1222,3.0,1.382,9.1,3185.0
1223,3.0,1.382,9.1,3185.0
1224,3.0,1.382,9.1,3185.0
1225,3.0,1.382,9.1,3185.0
1226,3.0,1.382,9.1,3185.0
1227,3.0,1.382,9.1,3185.0
1228,3.0,1.382,9.1,3185.0
1229,3.0,1.382,9.1,3185.0
1230,3.0,1.382,9.1,3185.0
1231,3.0,1.382,9.1,3185.0
1232,3.0,1.382,9.1,3185.0
1233,3.0,1.382,9.1,3185.0
1234,3.0,1.382,9.1,3185.0
1235,3.0,1.382,9.1,3185.0
1236,3.0,1.382,9.1,3185.0
1237,3.0,1.382,9.1,3185.0
1238,3.0,1.382,9.1,3185.0
1239,3.0,1.382,9.1,3185.0
1240,3.0,1.382,9.1,3185.0
1291,3.0,1.382,9.1,3185.0
1292,3.0,1.382,9.1,3185.0
1293,3.0,1.382,9.1,3185.0
1294,3.0,1.382,9.1,3185.0
1295,3.0,1.382,9.1,3185.0
1296,3.0,1.382,9.1,3185.0
1297,3.0,1.382,9.1,3185.0
1298,3.0,1.382,9.1,3185.0
1299,3.0,1.382,9.1,3185.0
1300,3.0,1.382,9.1,3185.0
1314,3.0,1.382,9.1,3185.0
1335,3.0,1.382,9.1,3185.0
1340,3.0,1.382,9.1,3185.0
1350,3.0,1.382,9.1,3185.0
1355,3.0,1.382,9.1,3185.0
1360,3.0,1.382,9.1,3185.0
1401,3.0,1.382,9.1,3185.0
1419,3.0,1.382,9.1,3185.0
1420,3.0,1.382,9.1,3185.0
1422,3.0,1.382,9.1,3185.0
1423,3.0,1.382,9.1,3185.0
1424,3.0,1.382,9.1,3185.0
1425,3.0,1.382,9.1,3185.0
1426,3.0,1.382,9.1,3185.0
1427,3.0,1.382,9.1,3185.0
1428,3.0,1.382,9.1,3185.0
1429,3.0,1.382,9.1,3185.0
1430,3.0,1.382,9.1,3185.0
1435,3.0,1.382,9.1,3185.0
1440,3.0,1.382,9.1,3185.0
1441,3.0,1.382,9.1,3185.0
1445,3.0,1.382,9.1,3185.0
1450,3.0,1.382,9.1,3185.0
1455,3.0,1.382,9.1,3185.0
1460,3.0,1.382,9.1,3185.0
1465,3.0,1.382,9.1,3185.0
1466,3.0,1.382,9.1,3185.0
1470,3.0,1.382,9.1,3185.0
1475,3.0,1.382,9.1,3185.0
1476,3.0,1.382,9.1,3185.0
1480,3.0,1.382,9.1,3185.0
1481,3.0,1.382,9.1,3185.0
1484,3.0,1.382,9.1,3185.0
1485,3.0,1.382,9.1,3185.0
1490,3.0,1.382,9.1,3185.0
1493,3.0,1.382,9.1,3185.0
1495,3.0,1.382,9.1,3185.0
1499,3.0,1.382,9.1,3185.0
1515,3.0,1.382,9.1,3185.0
1560,3.0,1.382,9.1,3185.0
1565,3.0,1.382,9.1,3185.0
1570,3.0,1.382,9.1,3185.0
1585,3.0,1.382,9.1,3185.0
1590,3.0,1.382,9.1,3185.0
1595,3.0,1.382,9.1,3185.0
1597,3.0,1.382,9.1,3185.0
1602,3.0,1.382,9.1,3185.0
1630,3.0,1.382,9.1,3185.0
1635,3.0,1.382,9.1,3185.0
1639,3.0,1.382,9.1,3185.0
1640,3.0,1.382,9.1,3185.0
1655,3.0,1.382,9.1,3185.0
1658,3.0,1.382,9.1,3185.0
1660,3.0,1.382,9.1,3185.0
1670,3.0,1.382,9.1,3185.0
1675,3.0,1.382,9.1,3185.0
1680,3.0,1.382,9.1,3185.0
1685,3.0,1.382,9.1,3185.0
1700,3.0,1.382,9.1,3185.0
1710,3.0,1.382,9.1,3185.0
1715,3.0,1.382,9.1,3185.0
1730,3.0,1.382,9.1,3185.0
1740,3.0,1.382,9.1,3185.0
1741,3.0,1.382,9.1,3185.0
1750,3.0,1.382,9.1,3185.0
1755,3.0,1.382,9.1,3185.0
1765,3.0,1.382,9.1,3185.0
1771,3.0,1.382,9.1,3185.0
1781,3.0,1.382,9.1,3185.0
1790,3.0,1.382,9.1,3185.0
1800,3.0,1.382,9.1,3185.0
1805,3.0,1.382,9.1,3185.0
1811,3.0,1.382,9.1,3185.0
1819,3.0,1.382,9.1,3185.0
1825,3.0,1.382,9.1,3185.0
1830,3.0,1.382,9.1,3185.0
1831,3.0,1.382,9.1,3185.0
1835,3.0,1.382,9.1,3185.0
1851,3.0,1.382,9.1,3185.0
1860,3.0,1.382,9.1,3185.0
1871,3.0,1.382,9.1,3185.0
1875,3.0,1.382,9.1,3185.0
1885,3.0,1.382,9.1,3185.0
1888,3.0,1.382,9.1,3185.0
1890,3.0,1.382,9.1,3185.0
1891,3.0,1.382,9.1,3185.0
2000,3.0,1.382,9.1,3185.0
2001,3.0,1.382,9.1,3185.0
2002,3.0,1.382,9.1,3185.0
2004,3.0,1.382,9.1,3185.0
2006,3.0,1.382,9.1,3185.0
2007,3.0,1.382,9.1,3185.0
2008,3.0,1.382,9.1,3185.0
2009,3.0,1.382,9.1,3185.0
2010,3.0,1.382,9.1,3185.0
2011,3.0,1.382,9.1,3185.0
2012,3.0,1.382,9.1,3185.0
2013,3.0,1.382,9.1,3185.0
2015,3.0,1.382,9.1,3185.0
2016,3.0,1.382,9.1,3185.0
2017,3.0,1.382,9.1,3185.0
2018,3.0,1.382,9.1,3185.0
2019,3.0,1.382,9.1,3185.0
2020,3.0,1.382,9.1,3185.0
2021,3.0,1.382,9.1,3185.0
2022,3.0,1.382,9.1,3185.0
2023,3.0,1.382,9.1,3185.0
2024,3.0,1.382,9.1,3185.0
2025,3.0,1.382,9.1,3185.0
2026,3.0,1.382,9.1,3185.0
2027,3.0,1.382,9.1,3185.0
2028,3.0,1.382,9.1,3185.0
2029,3.0,1.382,9.1,3185.0
2030,3.0,1.382,9.1,3185.0
2031,3.0,1.382,9.1,3185.0
2032,3.0,1.382,9.1,3185.0
2033,3.0,1.382,9.1,3185.0
2034,3.0,1.382,9.1,3185.0
2035,3.0,1.382,9.1,3185.0
2036,3.0,1.382,9.1,3185.0
2037,3.0,1.382,9.1,3185.0
2038,3.0,1.382,9.1,3185.0
2039,3.0,1.382,9.1,3185.0
2040,3.0,1.382,9.1,3185.0
2041,3.0,1.382,9.1,3185.0
2042,3.0,1.382,9.1,3185.0
2043,3.0,1.382,9.1,3185.0
2044,3.0,1.382,9.1,3185.0
2045,3.0,1.382,9.1,3185.0
2046,3.0,1.382,9.1,3185.0
2047,3.0,1.382,9.1,3185.0
2048,3.0,1.382,9.1,3185.0
2049,3.0,1.382,9.1,3185.0
2050,3.0,1.382,9.1,3185.0
2052,3.0,1.382,9.1,3185.0
2055,3.0,1.382,9.1,3185.0
2057,3.0,1.382,9.1,3185.0
2058,3.0,1.382,9.1,3185.0
2059,3.0,1.382,9.1,3185.0
2060,3.0,1.382,9.1,3185.0
2061,3.0,1.382,9.1,3185.0
2062,3.0,1.382,9.1,3185.0
2063,3.0,1.382,9.1,3185.0
2064,3.0,1.382,9.1,3185.0
2065,3.0,1.382,9.1,3185.0
2066,3.0,1.382,9.1,3185.0
2067,3.0,1.382,9.1,3185.0
2068,3.0,1.382,9.1,3185.0
2069,3.0,1.382,9.1,3185.0
2070,3.0,1.382,9.1,3185.0
2071,3.0,1.382,9.1,3185.0
2072,3.0,1.382,9.1,3185.0
2073,3.0,1.382,9.1,3185.0
2074,3.0,1.382,9.1,3185.0
2075,3.0,1.382,9.1,3185.0
2076,3.0,1.382,9.1,3185.0
2077,3.0,1.382,9.1,3185.0
2079,3.0,1.382,9.1,3185.0
2080,3.0,1.382,9.1,3185.0
2081,3.0,1.382,9.1,3185.0
2082,3.0,1.382,9.1,3185.0
2083,3.0,1.382,9.1,3185.0
2084,3.0,1.382,9.1,3185.0
2085,3.0,1.382,9.1,3185.0
2086,3.0,1.382,9.1,3185.0
2087,3.0,1.382,9.1,3185.0
2088,3.0,1.382,9.1,3185.0
2089,3.0,1.382,9.1,3185.0
2090,3.0,1.382,9.1,3185.0
2091,3.0,1.382,9.1,3185.0
2092,3.0,1.382,9.1,3185.0
2093,3.0,1.382,9.1,3185.0
2094,3.0,1.382,9.1,3185.0
2095,3.0,1.382,9.1,3185.0
2096,3.0,1.382,9.1,3185.0
2097,3.0,1.382,9.1,3185.0
2099,3.0,1.382,9.1,3185.0
2100,3.0,1.382,9.1,3185.0
2101,3.0,1.382,9.1,3185.0
2102,3.0,1.382,9.1,3185.0
2103,3.0,1.382,9.1,3185.0
2104,3.0,1.382,9.1,3185.0
2105,3.0,1.382,9.1,3185.0
2106,3.0,1.382,9.1,3185.0
2107,3.0,1.382,9.1,3185.0
2108,3.0,1.382,9.1,3185.0
2109,3.0,1.382,9.1,3185.0
2110,3.0,1.382,9.1,3185.0
2111,3.0,1.382,9.1,3185.0
2112,3.0,1.382,9.1,3185.0
2113,3.0,1.382,9.1,3185.0
2114,3.0,1.382,9.1,3185.0
2115,3.0,1.382,9.1,3185.0
2116,3.0,1.382,9.1,3185.0
2117,3.0,1.382,9.1,3185.0
2118,3.0,1.382,9.1,3185.0
2119,3.0,1.382,9.1,3185.0
2120,3.0,1.382,9.1,3185.0
2121,3.0,1.382,9.1,3185.0
2122,3.0,1.382,9.1,3185.0
2123,3.0,1.382,9.1,3185.0
2124,3.0,1.382,9.1,3185.0
2125,3.0,1.382,9.1,3185.0
2126,3.0,1.382,9.1,3185.0
2127,3.0,1.382,9.1,3185.0
2128,3.0,1.382,9.1,3185.0
2129,3.0,1.382,9.1,3185.0
2130,3.0,1.382,9.1,3185.0
2131,3.0,1.382,9.1,3185.0
2132,3.0,1.382,9.1,3185.0
2133,3.0,1.382,9.1,3185.0
2134,3.0,1.382,9.1,3185.0
2135,3.0,1.382,9.1,3185.0
2136,3.0,1.382,9.1,3185.0
2137,3.0,1.382,9.1,3185.0
2138,3.0,1.382,9.1,3185.0
2139,3.0,1.382,9.1,3185.0
2140,3.0,1.382,9.1,3185.0
2141,3.0,1.382,9.1,3185.0
2142,3.0,1.382,9.1,3185.0
2143,3.0,1.382,9.1,3185.0
2144,3.0,1.382,9.1,3185.0
2145,3.0,1.382,9.1,3185.0
2146,3.0,1.382,9.1,3185.0
2147,3.0,1.382,9.1,3185.0
2148,3.0,1.382,9.1,3185.0
2150,3.0,1.382,9.1,3185.0
2151,3.0,1.382,9.1,3185.0
2152,3.0,1.382,9.1,3185.0
2153,3.0,1.382,9.1,3185.0
2154,3.0,1.382,9.1,3185.0
2155,3.0,1.382,9.1,3185.0
2156,3.0,1.382,9.1,3185.0
2157,3.0,1.382,9.1,3185.0
2158,3.0,1.382,9.1,3185.0
2159,3.0,1.382,9.1,3185.0
2160,3.0,1.382,9.1,3185.0
2161,3.0,1.382,9.1,3185.0
2162,3.0,1.382,9.1,3185.0
2163,3.0,1.382,9.1,3185.0
2164,3.0,1.382,9.1,3185.0
2165,3.0,1.382,9.1,3185.0
2166,3.0,1.382,9.1,3185.0
2167,3.0,1.382,9.1,3185.0
2168,3.0,1.382,9.1,3185.0
2170,3.0,1.382,9.1,3185.0
2171,3.0,1.382,9.1,3185.0
2172,3.0,1.382,9.1,3185.0
2173,3.0,1.382,9.1,3185.0
2174,3.0,1.382,9.1,3185.0
2175,3.0,1.382,9.1,3185.0
2176,3.0,1.382,9.1,3185.0
2177,3.0,1.382,9.1,3185.0
2178,3.0,1.382,9.1,3185.0
2179,3.0,1.382,9.1,3185.0
2190,3.0,1.382,9.1,3185.0
2191,3.0,1.382,9.1,3185.0
2192,3.0,1.382,9.1,3185.0
2193,3.0,1.382,9.1,3185.0
2194,3.0,1.382,9.1,3185.0
2195,3.0,1.382,9.1,3185.0
2196,3.0,1.382,9.1,3185.0
2197,3.0,1.382,9.1,3185.0
2198,3.0,1.382,9.1,3185.0
2199,3.0,1.382,9.1,3185.0
2200,3.0,1.382,9.1,3185.0
2203,3.0,1.382,9.1,3185.0
2204,3.0,1.382,9.1,3185.0
2205,3.0,1.382,9.1,3185.0
2206,3.0,1.382,9.1,3185.0
2207,3.0,1.382,9.1,3185.0
2208,3.0,1.382,9.1,3185.0
2209,3.0,1.382,9.1,3185.0
2210,3.0,1.382,9.1,3185.0
2211,3.0,1.382,9.1,3185.0
2212,3.0,1.382,9.1,3185.0
2213,3.0,1.382,9.1,3185.0
2214,3.0,1.382,9.1,3185.0
2216,3.0,1.382,9.1,3185.0
2217,3.0,1.382,9.1,3185.0
2218,3.0,1.382,9.1,3185.0
2219,3.0,1.382,9.1,3185.0
2220,3.0,1.382,9.1,3185.0
2221,3.0,1.382,9.1,3185.0
2222,3.0,1.382,9.1,3185.0
2223,3.0,1.382,9.1,3185.0
2224,3.0,1.382,9.1,3185.0
2225,3.0,1.382,9.1,3185.0
2226,3.0,1.382,9.1,3185.0
2227,3.0,1.382,9.1,3185.0
2228,3.0,1.382,9.1,3185.0
2229,3.0,1.382,9.1,3185.0
2230,3.0,1.382,9.1,3185.0
2231,3.0,1.382,9.1,3185.0
2232,3.0,1.382,9.1,3185.0
2233,3.0,1.382,9.1,3185.0
2234,3.0,1.382,9.1,3185.0
2250,3.0,1.382,9.1,3185.0
2251,3.0,1.382,9.1,3185.0
2252,3.0,1.382,9.1,3185.0
2256,3.0,1.382,9.1,3185.0
2257,3.0,1.382,9.1,3185.0
2258,3.0,1.382,9.1,3185.0
2259,3.0,1.382,9.1,3185.0
2260,3.0,1.382,9.1,3185.0
2261,3.0,1.382,9.1,3185.0
2262,3.0,1.382,9.1,3185.0
2263,3.0,1.382,9.1,3185.0
2264,3.0,1.382,9.1,3185.0
2265,3.0,1.382,9.1,3185.0
2267,3.0,1.382,9.1,3185.0
2278,3.0,1.382,9.1,3185.0
2280,3.0,1.382,9.1,3185.0
2281,3.0,1.382,9.1,3185.0
2282,3.0,1.382,9.1,3185.0
2283,3.0,1.382,9.1,3185.0
2284,3.0,1.382,9.1,3185.0
2285,3.0,1.382,9.1,3185.0
2286,3.0,1.382,9.1,3185.0
2287,3.0,1.382,9.1,3185.0
2289,3.0,1.382,9.1,3185.0
2290,3.0,1.382,9.1,3185.0
2291,3.0,1.382,9.1,3185.0
2292,3.0,1.382,9.1,3185.0
2293,3.0,1.382,9.1,3185.0
2294,3.0,1.382,9.1,3185.0
2295,3.0,1.382,9.1,3185.0
2296,3.0,1.382,9.1,3185.0
2297,3.0,1.382,9.1,3185.0
2298,3.0,1.382,9.1,3185.0
2299,3.0,1.382,9.1,3185.0
2300,3.0,1.382,9.1,3185.0
2302,3.0,1.382,9.1,3185.0
2303,3.0,1.382,9.1,3185.0
2304,3.0,1.382,9.1,3185.0
2305,3.0,1.382,9.1,3185.0
2306,3.0,1.382,9.1,3185.0
2307,3.0,1.382,9.1,3185.0
2308,3.0,1.382,9.1,3185.0
2309,3.0,1.382,9.1,3185.0
2310,3.0,1.382,9.1,3185.0
2311,3.0,1.382,9.1,3185.0
2312,3.0,1.382,9.1,3185.0
2314,3.0,1.382,9.1,3185.0
2315,3.0,1.382,9.1,3185.0
2316,3.0,1.382,9.1,3185.0
2317,3.0,1.382,9.1,3185.0
2318,3.0,1.382,9.1,3185.0
2319,3.0,1.382,9.1,3185.0
2320,3.0,1.382,9.1,3185.0
2321,3.0,1.382,9.1,3185.0
2322,3.0,1.382,9.1,3185.0
2323,3.0,1.382,9.1,3185.0
2324,3.0,1.382,9.1,3185.0
2325,3.0,1.382,9.1,3185.0
2326,3.0,1.382,9.1,3185.0
2327,3.0,1.382,9.1,3185.0
2328,3.0,1.382,9.1,3185.0
2329,3.0,1.382,9.1,3185.0
2330,3.0,1.382,9.1,3185.0
2331,3.0,1.382,9.1,3185.0
2333,3.0,1.382,9.1,3185.0
2334,3.0,1.382,9.1,3185.0
2335,3.0,1.382,9.1,3185.0
2336,3.0,1.382,9.1,3185.0
2337,3.0,1.382,9.1,3185.0
2338,3.0,1.382,9.1,3185.0
2339,3.0,1.382,9.1,3185.0
2340,3.0,1.382,9.1,3185.0
2341,3.0,1.382,9.1,3185.0
2342,3.0,1.382,9.1,3185.0
2343,3.0,1.382,9.1,3185.0
2344,3.0,1.382,9.1,3185.0
2345,3.0,1.382,9.1,3185.0
2346,3.0,1.382,9.1,3185.0
2347,3.0,1.382,9.1,3185.0
2348,3.0,1.382,9.1,3185.0
2350,3.0,1.382,9.1,3185.0
2351,3.0,1.382,9.1,3185.0
2352,3.0,1.382,9.1,3185.0
2353,3.0,1.382,9.1,3185.0
2354,3.0,1.382,9.1,3185.0
2355,3.0,1.382,9.1,3185.0
2356,2.0,1.536,10.1,3535.0
2357,2.0,1.536,10.1,3535.0
2358,3.0,1.382,9.1,3185.0
2359,3.0,1.382,9.1,3185.0
2360,3.0,1.382,9.1,3185.0
2361,3.0,1.382,9.1,3185.0
2365,3.0,1.382,9.1,3185.0
2369,3.0,1.382,9.1,3185.0
2370,3.0,1.382,9.1,3185.0
2371,3.0,1.382,9.1,3185.0
2372,3.0,1.382,9.1,3185.0
2379,3.0,1.382,9.1,3185.0
2380,3.0,1.382,9.1,3185.0
2381,3.0,1.382,9.1,3185.0
2382,3.0,1.382,9.1,3185.0
2386,2.0,1.536,10.1,3535.0
2387,2.0,1.536,10.1,3535.0
2388,2.0,1.536,10.1,3535.0
2390,3.0,1.382,9.1,3185.0
2395,3.0,1.382,9.1,3185.0
2396,2.0,1.536,10.1,3535.0
2397,2.0,1.536,10.1,3535.0
2398,3.0,1.382,9.1,3185.0
2399,3.0,1.382,9.1,3185.0
2400,2.0,1.536,10.1,3535.0
2401,3.0,1.382,9.1,3185.0
2402,3.0,1.382,9.1,3185.0
2403,3.0,1.382,9.1,3185.0
2404,3.0,1.382,9.1,3185.0
2405,2.0,1.536,10.1,3535.0
2406,2.0,1.536,10.1,3535.0
2408,3.0,1.382,9.1,3185.0
2409,3.0,1.382,9.1,3185.0
2410,3.0,1.382,9.1,3185.0
2411,3.0,1.382,9.1,3185.0
2415,3.0,1.382,9.1,3185.0
2420,3.0,1.382,9.1,3185.0
2421,3.0,1.382,9.1,3185.0
2422,3.0,1.382,9.1,3185.0
2423,3.0,1.382,9.1,3185.0
2424,3.0,1.382,9.1,3185.0
2425,3.0,1.382,9.1,3185.0
2426,3.0,1.382,9.1,3185.0
2427,3.0,1.382,9.1,3185.0
2428,3.0,1.382,9.1,3185.0
2429,3.0,1.382,9.1,3185.0
2430,3.0,1.382,9.1,3185.0
2431,3.0,1.382,9.1,3185.0
2439,3.0,1.382,9.1,3185.0
2440,3.0,1.382,9.1,3185.0
2441,3.0,1.382,9.1,3185.0
2442,3.0,1.382,9.1,3185.0
2443,3.0,1.382,9.1,3185.0
2444,3.0,1.382,9.1,3185.0
2445,3.0,1.382,9.1,3185.0
2446,3.0,1.382,9.1,3185.0
2447,3.0,1.382,9.1,3185.0
2448,3.0,1.382,9.1,3185.0
2449,3.0,1.382,9.1,3185.0
2450,3.0,1.382,9.1,3185.0
2452,3.0,1.382,9.1,3185.0
2453,3.0,1.382,9.1,3185.0
2454,3.0,1.382,9.1,3185.0
2455,3.0,1.382,9.1,3185.0
2456,3.0,1.382,9.1,3185.0
2460,3.0,1.382,9.1,3185.0
2462,3.0,1.382,9.1,3185.0
2463,3.0,1.382,9.1,3185.0
2464,3.0,1.382,9.1,3185.0
2465,3.0,1.382,9.1,3185.0
2466,3.0,1.382,9.1,3185.0
2469,3.0,1.382,9.1,3185.0
2470,3.0,1.382,9.1,3185.0
2471,3.0,1.382,9.1,3185.0
2472,3.0,1.382,9.1,3185.0
2473,3.0,1.382,9.1,3185.0
2474,3.0,1.382,9.1,3185.0
2475,3.0,1.382,9.1,3185.0
2476,3.0,1.382,9.1,3185.0
2477,3.0,1.382,9.1,3185.0
2478,3.0,1.382,9.1,3185.0
2479,3.0,1.382,9.1,3185.0
2480,3.0,1.382,9.1,3185.0
2481,3.0,1.382,9.1,3185.0
2482,3.0,1.382,9.1,3185.0
2483,3.0,1.382,9.1,3185.0
2484,3.0,1.382,9.1,3185.0
2485,3.0,1.382,9.1,3185.0
2486,3.0,1.382,9.1,3185.0
2487,3.0,1.382,9.1,3185.0
2488,3.0,1.382,9.1,3185.0
2489,3.0,1.382,9.1,3185.0
2490,3.0,1.382,9.1,3185.0
2500,3.0,1.382,9.1,3185.0
2502,3.0,1.382,9.1,3185.0
2505,3.0,1.382,9.1,3185.0
2506,3.0,1.382,9.1,3185.0
2508,3.0,1.382,9.1,3185.0
2515,3.0,1.382,9.1,3185.0
2516,3.0,1.382,9.1,3185.0
2517,3.0,1.382,9.1,3185.0
2518,3.0,1.382,9.1,3185.0
2519,3.0,1.382,9.1,3185.0
2520,3.0,1.382,9.1,3185.0
2522,3.0,1.382,9.1,3185.0
2525,3.0,1.382,9.1,3185.0
2526,3.0,1.382,9.1,3185.0
2527,3.0,1.382,9.1,3185.0
2528,3.0,1.382,9.1,3185.0
2529,3.0,1.382,9.1,3185.0
2530,3.0,1.382,9.1,3185.0
2533,3.0,1.382,9.1,3185.0
2534,3.0,1.382,9.1,3185.0
2535,3.0,1.382,9.1,3185.0
2536,3.0,1.382,9.1,3185.0
2537,3.0,1.382,9.1,3185.0
2538,3.0,1.382,9.1,3185.0
2539,3.0,1.382,9.1,3185.0
2540,3.0,1.382,9.1,3185.0
2541,3.0,1.382,9.1,3185.0
2545,4.0,1.185,7.8,2730.0
2546,4.0,1.185,7.8,2730.0
2548,4.0,1.185,7.8,2730.0
2549,4.0,1.185,7.8,2730.0
2550,4.0,1.185,7.8,2730.0
2551,4.0,1.185,7.8,2730.0
2555,3.0,1.382,9.1,3185.0
2556,3.0,1.382,9.1,3185.0
2557,3.0,1.382,9.1,3185.0
2558,3.0,1.382,9.1,3185.0
2559,3.0,1.382,9.1,3185.0
2560,3.0,1.382,9.1,3185.0
2563,3.0,1.382,9.1,3185.0
2564,3.0,1.382,9.1,3185.0
2565,3.0,1.382,9.1,3185.0
2566,3.0,1.382,9.1,3185.0
2567,3.0,1.382,9.1,3185.0
2568,3.0,1.382,9.1,3185.0
2569,3.0,1.382,9.1,3185.0
2570,3.0,1.382,9.1,3185.0
2571,3.0,1.382,9.1,3185.0
2572,3.0,1.382,9.1,3185.0
2573,3.0,1.382,9.1,3185.0
2574,3.0,1.382,9.1,3185.0
2575,3.0,1.382,9.1,3185.0
2576,3.0,1.382,9.1,3185.0
2577,3.0,1.382,9.1,3185.0
2578,3.0,1.382,9.1,3185.0
2579,3.0,1.382,9.1,3185.0
2580,3.0,1.382,9.1,3185.0
2581,3.0,1.382,9.1,3185.0
2582,3.0,1.382,9.1,3185.0
2583,3.0,1.382,9.1,3185.0
2584,3.0,1.382,9.1,3185.0
2585,3.0,1.382,9.1,3185.0
2586,3.0,1.382,9.1,3185.0
2587,3.0,1.382,9.1,3185.0
2588,3.0,1.382,9.1,3185.0
2590,3.0,1.382,9.1,3185.0
2594,3.0,1.382,9.1,3185.0
2600,3.0,1.382,9.1,3185.0
2601,3.0,1.382,9.1,3185.0
2602,3.0,1.382,9.1,3185.0
2603,3.0,1.382,9.1,3185.0
2604,3.0,1.382,9.1,3185.0
2605,3.0,1.382,9.1,3185.0
2606,3.0,1.382,9.1,3185.0
2607,3.0,1.382,9.1,3185.0
2608,3.0,1.382,9.1,3185.0
2609,3.0,1.382,9.1,3185.0
2610,3.0,1.382,9.1,3185.0
2611,3.0,1.382,9.1,3185.0
2612,3.0,1.382,9.1,3185.0
2614,3.0,1.382,9.1,3185.0
2615,3.0,1.382,9.1,3185.0
2616,3.0,1.382,9.1,3185.0
2617,3.0,1.382,9.1,3185.0
2618,3.0,1.382,9.1,3185.0
2619,3.0,1.382,9.1,3185.0
2620,3.0,1.382,9.1,3185.0
2621,3.0,1.382,9.1,3185.0
2622,3.0,1.382,9.1,3185.0
2623,3.0,1.382,9.1,3185.0
2624,3.0,1.382,9.1,3185.0
2625,3.0,1.382,9.1,3185.0
2626,3.0,1.382,9.1,3185.0
2627,3.0,1.382,9.1,3185.0
2628,4.0,1.185,7.8,2730.0
2629,3.0,1.382,9.1,3185.0
2630,4.0,1.185,7.8,2730.0
2631,4.0,1.185,7.8,2730.0
2632,4.0,1.185,7.8,2730.0
2633,4.0,1.185,7.8,2730.0
2640,3.0,1.382,9.1,3185.0
2641,3.0,1.382,9.1,3185.0
2642,3.0,1.382,9.1,3185.0
2643,3.0,1.382,9.1,3185.0
2644,3.0,1.382,9.1,3185.0
2645,3.0,1.382,9.1,3185.0
2646,3.0,1.382,9.1,3185.0
2647,3.0,1.382,9.1,3185.0
2648,3.0,1.382,9.1,3185.0
2649,3.0,1.382,9.1,3185.0
2650,3.0,1.382,9.1,3185.0
2651,3.0,1.382,9.1,3185.0
2652,3.0,1.382,9.1,3185.0
2653,3.0,1.382,9.1,3185.0
2655,3.0,1.382,9.1,3185.0
2656,3.0,1.382,9.1,3185.0
2658,3.0,1.382,9.1,3185.0
2659,3.0,1.382,9.1,3185.0
2660,3.0,1.382,9.1,3185.0
2661,3.0,1.382,9.1,3185.0
2663,3.0,1.382,9.1,3185.0
2665,3.0,1.382,9.1,3185.0
2666,3.0,1.382,9.1,3185.0
2668,3.0,1.382,9.1,3185.0
2669,3.0,1.382,9.1,3185.0
2671,3.0,1.382,9.1,3185.0
2672,3.0,1.382,9.1,3185.0
2675,3.0,1.382,9.1,3185.0
2678,3.0,1.382,9.1,3185.0
2680,3.0,1.382,9.1,3185.0
2681,3.0,1.382,9.1,3185.0
2700,3.0,1.382,9.1,3185.0
2701,3.0,1.382,9.1,3185.0
2702,3.0,1.382,9.1,3185.0
2703,3.0,1.382,9.1,3185.0
2705,3.0,1.382,9.1,3185.0
2706,3.0,1.382,9.1,3185.0
2707,3.0,1.382,9.1,3185.0
2708,3.0,1.382,9.1,3185.0
2710,3.0,1.382,9.1,3185.0
2711,3.0,1.382,9.1,3185.0
2712,3.0,1.382,9.1,3185.0
2713,3.0,1.382,9.1,3185.0
2714,3.0,1.382,9.1,3185.0
2715,3.0,1.382,9.1,3185.0
2716,3.0,1.382,9.1,3185.0
2717,3.0,1.382,9.1,3185.0
2720,3.0,1.382,9.1,3185.0
2721,3.0,1.382,9.1,3185.0
2722,3.0,1.382,9.1,3185.0
2725,3.0,1.382,9.1,3185.0
2726,3.0,1.382,9.1,3185.0
2727,3.0,1.382,9.1,3185.0
2729,3.0,1.382,9.1,3185.0
2730,3.0,1.382,9.1,3185.0
2731,3.0,1.382,9.1,3185.0
2732,3.0,1.382,9.1,3185.0
2733,3.0,1.382,9.1,3185.0
2734,3.0,1.382,9.1,3185.0
2735,3.0,1.382,9.1,3185.0
2736,3.0,1.382,9.1,3185.0
2737,3.0,1.382,9.1,3185.0
2738,3.0,1.382,9.1,3185.0
2739,3.0,1.382,9.1,3185.0
2745,3.0,1.382,9.1,3185.0
2747,3.0,1.382,9.1,3185.0
2748,3.0,1.382,9.1,3185.0
2749,3.0,1.382,9.1,3185.0
2750,3.0,1.382,9.1,3185.0
2751,3.0,1.382,9.1,3185.0
2752,3.0,1.382,9.1,3185.0
2753,3.0,1.382,9.1,3185.0
2754,3.0,1.382,9.1,3185.0
2755,3.0,1.382,9.1,3185.0
2756,3.0,1.382,9.1,3185.0
2757,3.0,1.382,9.1,3185.0
2758,3.0,1.382,9.1,3185.0
2759,3.0,1.382,9.1,3185.0
2760,3.0,1.382,9.1,3185.0
2761,3.0,1.382,9.1,3185.0
2762,3.0,1.382,9.1,3185.0
2763,3.0,1.382,9.1,3185.0
2765,3.0,1.382,9.1,3185.0
2766,3.0,1.382,9.1,3185.0
2767,3.0,1.382,9.1,3185.0
2768,3.0,1.382,9.1,3185.0
2769,3.0,1.382,9.1,3185.0
2770,3.0,1.382,9.1,3185.0
2773,3.0,1.382,9.1,3185.0
2774,3.0,1.382,9.1,3185.0
2775,3.0,1.382,9.1,3185.0
2776,3.0,1.382,9.1,3185.0
2777,3.0,1.382,9.1,3185.0
2778,3.0,1.382,9.1,3185.0
2779,3.0,1.382,9.1,3185.0
2780,3.0,1.382,9.1,3185.0
2782,3.0,1.382,9.1,3185.0
2783,3.0,1.382,9.1,3185.0
2784,3.0,1.382,9.1,3185.0
2785,3.0,1.382,9.1,3185.0
2786,3.0,1.382,9.1,3185.0
2787,3.0,1.382,9.1,3185.0
2790,3.0,1.382,9.1,3185.0
2791,3.0,1.382,9.1,3185.0
2792,3.0,1.382,9.1,3185.0
2793,3.0,1.382,9.1,3185.0
2794,3.0,1.382,9.1,3185.0
2795,3.0,1.382,9.1,3185.0
2797,3.0,1.382,9.1,3185.0
2798,3.0,1.382,9.1,3185.0
2799,3.0,1.382,9.1,3185.0
2800,3.0,1.382,9.1,3185.0
2803,3.0,1.382,9.1,3185.0
2804,3.0,1.382,9.1,3185.0
2805,3.0,1.382,9.1,3185.0
2806,3.0,1.382,9.1,3185.0
2807,3.0,1.382,9.1,3185.0
2808,3.0,1.382,9.1,3185.0
2809,3.0,1.382,9.1,3185.0
2810,3.0,1.382,9.1,3185.0
2817,2.0,1.536,10.1,3535.0
2818,3.0,1.382,9.1,3185.0
2820,3.0,1.382,9.1,3185.0
2821,2.0,1.536,10.1,3535.0
2822,2.0,1.536,10.1,3535.0
2823,2.0,1.536,10.1,3535.0
2824,2.0,1.536,10.1,3535.0
2825,2.0,1.536,10.1,3535.0
2826,2.0,1.536,10.1,3535.0
2827,2.0,1.536,10.1,3535.0
2828,2.0,1.536,10.1,3535.0
2829,2.0,1.536,10.1,3535.0
2830,3.0,1.382,9.1,3185.0
2831,2.0,1.536,10.1,3535.0
2832,2.0,1.536,10.1,3535.0
2833,2.0,1.536,10.1,3535.0
2834,2.0,1.536,10.1,3535.0
2835,2.0,1.536,10.1,3535.0
2836,2.0,1.536,10.1,3535.0
2838,2.0,1.536,10.1,3535.0
2839,2.0,1.536,10.1,3535.0
2840,2.0,1.536,10.1,3535.0
2842,3.0,1.382,9.1,3185.0
2843,3.0,1.382,9.1,3185.0
2844,3.0,1.382,9.1,3185.0
2845,3.0,1.382,9.1,3185.0
2846,3.0,1.382,9.1,3185.0
2847,3.0,1.382,9.1,3185.0
2848,3.0,1.382,9.1,3185.0
2849,3.0,1.382,9.1,3185.0
2850,3.0,1.382,9.1,3185.0
2852,3.0,1.382,9.1,3185.0
2864,3.0,1.382,9.1,3185.0
2865,3.0,1.382,9.1,3185.0
2866,3.0,1.382,9.1,3185.0
2867,3.0,1.382,9.1,3185.0
2868,3.0,1.382,9.1,3185.0
2869,3.0,1.382,9.1,3185.0
2870,3.0,1.382,9.1,3185.0
2871,3.0,1.382,9.1,3185.0
2873,2.0,1.536,10.1,3535.0
2874,3.0,1.382,9.1,3185.0
2875,3.0,1.382,9.1,3185.0
2876,3.0,1.382,9.1,3185.0
2877,3.0,1.382,9.1,3185.0
2878,2.0,1.536,10.1,3535.0
2879,2.0,1.536,10.1,3535.0
2880,2.0,1.536,10.1,3535.0
2890,3.0,1.382,9.1,3185.0
2891,3.0,1.382,9.1,3185.0
2898,3.0,1.382,9.1,3185.0
2899,3.0,1.382,9.1,3185.0
2900,3.0,1.382,9.1,3185.0
2901,3.0,1.382,9.1,3185.0
2902,3.0,1.382,9.1,3185.0
2903,3.0,1.382,9.1,3185.0
2904,3.0,1.382,9.1,3185.0
2905,3.0,1.382,9.1,3185.0
2906,3.0,1.382,9.1,3185.0
2911,3.0,1.382,9.1,3185.0
2912,3.0,1.382,9.1,3185.0
2913,3.0,1.382,9.1,3185.0
2914,3.0,1.382,9.1,3185.0
3000,4.0,1.185,7.8,2730.0
3001,4.0,1.185,7.8,2730.0
3002,4.0,1.185,7.8,2730.0
3003,4.0,1.185,7.8,2730.0
3004,4.0,1.185,7.8,2730.0
3005,4.0,1.185,7.8,2730.0
3006,4.0,1.185,7.8,2730.0
3008,4.0,1.185,7.8,2730.0
3010,4.0,1.185,7.8,2730.0
3011,4.0,1.185,7.8,2730.0
3012,4.0,1.185,7.8,2730.0
3013,4.0,1.185,7.8,2730.0
3015,4.0,1.185,7.8,2730.0
3016,4.0,1.185,7.8,2730.0
3018,4.0,1.185,7.8,2730.0
3019,4.0,1.185,7.8,2730.0
3020,4.0,1.185,7.8,2730.0
3021,4.0,1.185,7.8,2730.0
3022,4.0,1.185,7.8,2730.0
3023,4.0,1.185,7.8,2730.0
3024,4.0,1.185,7.8,2730.0
3025,4.0,1.185,7.8,2730.0
3026,4.0,1.185,7.8,2730.0
3027,4.0,1.185,7.8,2730.0
3028,4.0,1.185,7.8,2730.0
3029,4.0,1.185,7.8,2730.0
3030,4.0,1.185,7.8,2730.0
3031,4.0,1.185,7.8,2730.0
3032,4.0,1.185,7.8,2730.0
3033,4.0,1.185,7.8,2730.0
3034,4.0,1.185,7.8,2730.0
3036,3.0,1.382,9.1,3185.0
3037,3.0,1.382,9.1,3185.0
3038,3.0,1.382,9.1,3185.0
3039,4.0,1.185,7.8,2730.0
3040,4.0,1.185,7.8,2730.0
3041,4.0,1.185,7.8,2730.0
3042,4.0,1.185,7.8,2730.0
3043,4.0,1.185,7.8,2730.0
3044,4.0,1.185,7.8,2730.0
3045,3.0,1.382,9.1,3185.0
3046,4.0,1.185,7.8,2730.0
3047,3.0,1.382,9.1,3185.0
3048,3.0,1.382,9.1,3185.0
3049,3.0,1.382,9.1,3185.0
3050,4.0,1.185,7.8,2730.0
3051,4.0,1.185,7.8,2730.0
3052,4.0,1.185,7.8,2730.0
3053,4.0,1.185,7.8,2730.0
3054,4.0,1.185,7.8,2730.0
3055,4.0,1.185,7.8,2730.0
3056,4.0,1.185,7.8,2730.0
3057,4.0,1.185,7.8,2730.0
3058,4.0,1.185,7.8,2730.0
3059,3.0,1.382,9.1,3185.0
3060,4.0,1.185,7.8,2730.0
3061,3.0,1.382,9.1,3185.0
3062,3.0,1.382,9.1,3185.0
3063,3.0,1.382,9.1,3185.0
3064,3.0,1.382,9.1,3185.0
3065,4.0,1.185,7.8,2730.0
3066,4.0,1.185,7.8,2730.0
3067,4.0,1.185,7.8,2730.0
3068,4.0,1.185,7.8,2730.0
3070,4.0,1.185,7.8,2730.0
3071,4.0,1.185,7.8,2730.0
3072,4.0,1.185,7.8,2730.0
3073,4.0,1.185,7.8,2730.0
3074,4.0,1.185,7.8,2730.0
3075,3.0,1.382,9.1,3185.0
3076,3.0,1.382,9.1,3185.0
3078,4.0,1.185,7.8,2730.0
3079,4.0,1.185,7.8,2730.0
3081,4.0,1.185,7.8,2730.0
3082,4.0,1.185,7.8,2730.0
3083,4.0,1.185,7.8,2730.0
3084,4.0,1.185,7.8,2730.0
3085,4.0,1.185,7.8,2730.0
3086,4.0,1.185,7.8,2730.0
3087,4.0,1.185,7.8,2730.0
3088,4.0,1.185,7.8,2730.0
3089,4.0,1.185,7.8,2730.0
3090,4.0,1.185,7.8,2730.0
3091,4.0,1.185,7.8,2730.0
3093,4.0,1.185,7.8,2730.0
3094,4.0,1.185,7.8,2730.0
3095,4.0,1.185,7.8,2730.0
3096,4.0,1.185,7.8,2730.0
3097,4.0,1.185,7.8,2730.0
3099,3.0,1.382,9.1,3185.0
3101,4.0,1.185,7.8,2730.0
3102,4.0,1.185,7.8,2730.0
3103,4.0,1.185,7.8,2730.0
3104,4.0,1.185,7.8,2730.0
3105,4.0,1.185,7.8,2730.0
3106,4.0,1.185,7.8,2730.0
3107,4.0,1.185,7.8,2730.0
3108,4.0,1.185,7.8,2730.0
3109,4.0,1.185,7.8,2730.0
3111,4.0,1.185,7.8,2730.0
3113,4.0,1.185,7.8,2730.0
3114,4.0,1.185,7.8,2730.0
3115,4.0,1.185,7.8,2730.0
3116,4.0,1.185,7.8,2730.0
3121,4.0,1.185,7.8,2730.0
3122,4.0,1.185,7.8,2730.0
3123,4.0,1.185,7.8,2730.0
3124,4.0,1.185,7.8,2730.0
3125,4.0,1.185,7.8,2730.0
3126,4.0,1.185,7.8,2730.0
3127,4.0,1.185,7.8,2730.0
3128,4.0,1.185,7.8,2730.0
3129,4.0,1.185,7.8,2730.0
3130,4.0,1.185,7.8,2730.0
3131,4.0,1.185,7.8,2730.0
3132,4.0,1.185,7.8,2730.0
3133,4.0,1.185,7.8,2730.0
3134,4.0,1.185,7.8,2730.0
3135,4.0,1.185,7.8,2730.0
3136,4.0,1.185,7.8,2730.0
3137,4.0,1.185,7.8,2730.0
3138,4.0,1.185,7.8,2730.0
3139,4.0,1.185,7.8,2730.0
3140,4.0,1.185,7.8,2730.0
3141,4.0,1.185,7.8,2730.0
3142,4.0,1.185,7.8,2730.0
3143,4.0,1.185,7.8,2730.0
3144,4.0,1.185,7.8,2730.0
3145,4.0,1.185,7.8,2730.0
3146,4.0,1.185,7.8,2730.0
3147,4.0,1.185,7.8,2730.0
3148,4.0,1.185,7.8,2730.0
3149,4.0,1.185,7.8,2730.0
3150,4.0,1.185,7.8,2730.0
3151,4.0,1.185,7.8,2730.0
3152,4.0,1.185,7.8,2730.0
3153,4.0,1.185,7.8,2730.0
3154,4.0,1.185,7.8,2730.0
3155,4.0,1.185,7.8,2730.0
3156,4.0,1.185,7.8,2730.0
3158,4.0,1.185,7.8,2730.0
3159,4.0,1.185,7.8,2730.0
3160,4.0,1.185,7.8,2730.0
3161,4.0,1.185,7.8,2730.0
3162,4.0,1.185,7.8,2730.0
3163,4.0,1.185,7.8,2730.0
3164,4.0,1.185,7.8,2730.0
3165,4.0,1.185,7.8,2730.0
3166,4.0,1.185,7.8,2730.0
3167,4.0,1.185,7.8,2730.0
3168,4.0,1.185,7.8,2730.0
3169,4.0,1.185,7.8,2730.0
3170,4.0,1.185,7.8,2730.0
3171,4.0,1.185,7.8,2730.0
3172,4.0,1.185,7.8,2730.0
3173,4.0,1.185,7.8,2730.0
3174,4.0,1.185,7.8,2730.0
3175,4.0,1.185,7.8,2730.0
3176,4.0,1.185,7.8,2730.0
3177,4.0,1.185,7.8,2730.0
3178,4.0,1.185,7.8,2730.0
3179,4.0,1.185,7.8,2730.0
3180,4.0,1.185,7.8,2730.0
3181,4.0,1.185,7.8,2730.0
3182,4.0,1.185,7.8,2730.0
3183,4.0,1.185,7.8,2730.0
3184,4.0,1.185,7.8,2730.0
3185,4.0,1.185,7.8,2730.0
3186,4.0,1.185,7.8,2730.0
3187,4.0,1.185,7.8,2730.0
3188,4.0,1.185,7.8,2730.0
3189,4.0,1.185,7.8,2730.0
3190,4.0,1.185,7.8,2730.0
3191,4.0,1.185,7.8,2730.0
3192,4.0,1.185,7.8,2730.0
3193,4.0,1.185,7.8,2730.0
3194,4.0,1.185,7.8,2730.0
3195,4.0,1.185,7.8,2730.0
3196,4.0,1.185,7.8,2730.0
3197,4.0,1.185,7.8,2730.0
3198,4.0,1.185,7.8,2730.0
3199,4.0,1.185,7.8,2730.0
3200,4.0,1.185,7.8,2730.0
3201,4.0,1.185,7.8,2730.0
3202,4.0,1.185,7.8,2730.0
3204,4.0,1.185,7.8,2730.0
3205,4.0,1.185,7.8,2730.0
3206,4.0,1.185,7.8,2730.0
3207,4.0,1.185,7.8,2730.0
3211,4.0,1.185,7.8,2730.0
3212,4.0,1.185,7.8,2730.0
3213,4.0,1.185,7.8,2730.0
3214,4.0,1.185,7.8,2730.0
3215,4.0,1.185,7.8,2730.0
3216,4.0,1.185,7.8,2730.0
3217,4.0,1.185,7.8,2730.0
3218,4.0,1.185,7.8,2730.0
3219,4.0,1.185,7.8,2730.0
3220,4.0,1.185,7.8,2730.0
3221,4.0,1.185,7.8,2730.0
3222,4.0,1.185,7.8,2730.0
3223,4.0,1.185,7.8,2730.0
3224,4.0,1.185,7.8,2730.0
3225,4.0,1.185,7.8,2730.0
3226,4.0,1.185,7.8,2730.0
3227,4.0,1.185,7.8,2730.0
3228,4.0,1.185,7.8,2730.0
3230,4.0,1.185,7.8,2730.0
3231,4.0,1.185,7.8,2730.0
3232,4.0,1.185,7.8,2730.0
3233,4.0,1.185,7.8,2730.0
3234,4.0,1.185,7.8,2730.0
3235,4.0,1.185,7.8,2730.0
3236,4.0,1.185,7.8,2730.0
3237,4.0,1.185,7.8,2730.0
3238,4.0,1.185,7.8,2730.0
3239,4.0,1.185,7.8,2730.0
3240,4.0,1.185,7.8,2730.0
3241,4.0,1.185,7.8,2730.0
3242,4.0,1.185,7.8,2730.0
3243,4.0,1.185,7.8,2730.0
3249,4.0,1.185,7.8,2730.0
3250,4.0,1.185,7.8,2730.0
3251,4.0,1.185,7.8,2730.0
3254,4.0,1.185,7.8,2730.0
3260,4.0,1.185,7.8,2730.0
3264,4.0,1.185,7.8,2730.0
3265,4.0,1.185,7.8,2730.0
3266,4.0,1.185,7.8,2730.0
3267,4.0,1.185,7.8,2730.0
3268,4.0,1.185,7.8,2730.0
3269,4.0,1.185,7.8,2730.0
3270,4.0,1.185,7.8,2730.0
3271,4.0,1.185,7.8,2730.0
3272,4.0,1.185,7.8,2730.0
3273,4.0,1.185,7.8,2730.0
3274,4.0,1.185,7.8,2730.0
3275,4.0,1.185,7.8,2730.0
3276,4.0,1.185,7.8,2730.0
3277,4.0,1.185,7.8,2730.0
3278,4.0,1.185,7.8,2730.0
3279,4.0,1.185,7.8,2730.0
3280,4.0,1.185,7.8,2730.0
3281,4.0,1.185,7.8,2730.0
3282,4.0,1.185,7.8,2730.0
3283,4.0,1.185,7.8,2730.0
3284,4.0,1.185,7.8,2730.0
3285,4.0,1.185,7.8,2730.0
3286,4.0,1.185,7.8,2730.0
3287,4.0,1.185,7.8,2730.0
3289,4.0,1.185,7.8,2730.0
3292,4.0,1.185,7.8,2730.0
3293,3.0,1.382,9.1,3185.0
3294,3.0,1.382,9.1,3185.0
3300,3.0,1.382,9.1,3185.0
3301,3.0,1.382,9.1,3185.0
3302,3.0,1.382,9.1,3185.0
3303,4.0,1.185,7.8,2730.0
3304,4.0,1.185,7.8,2730.0
3305,4.0,1.185,7.8,2730.0
3309,3.0,1.382,9.1,3185.0
3310,3.0,1.382,9.1,3185.0
3311,3.0,1.382,9.1,3185.0
3312,3.0,1.382,9.1,3185.0
3314,3.0,1.382,9.1,3185.0
3315,3.0,1.382,9.1,3185.0
3317,3.0,1.382,9.1,3185.0
3318,3.0,1.382,9.1,3185.0
3319,3.0,1.382,9.1,3185.0
3321,4.0,1.185,7.8,2730.0
3322,4.0,1.185,7.8,2730.0
3323,4.0,1.185,7.8,2730.0
3324,4.0,1.185,7.8,2730.0
3325,4.0,1.185,7.8,2730.0
3328,4.0,1.185,7.8,2730.0
3329,4.0,1.185,7.8,2730.0
3330,4.0,1.185,7.8,2730.0
3331,4.0,1.185,7.8,2730.0
3332,4.0,1.185,7.8,2730.0
3333,4.0,1.185,7.8,2730.0
3334,3.0,1.382,9.1,3185.0
3335,3.0,1.382,9.1,3185.0
3336,3.0,1.382,9.1,3185.0
3337,3.0,1.382,9.1,3185.0
3338,4.0,1.185,7.8,2730.0
3340,3.0,1.382,9.1,3185.0
3341,3.0,1.382,9.1,3185.0
3342,3.0,1.382,9.1,3185.0
3345,3.0,1.382,9.1,3185.0
3350,3.0,1.382,9.1,3185.0
3351,3.0,1.382,9.1,3185.0
3352,3.0,1.382,9.1,3185.0
3353,3.0,1.382,9.1,3185.0
3354,3.0,1.382,9.1,3185.0
3355,3.0,1.382,9.1,3185.0
3356,3.0,1.382,9.1,3185.0
3357,3.0,1.382,9.1,3185.0
3358,3.0,1.382,9.1,3185.0
3360,3.0,1.382,9.1,3185.0
3361,3.0,1.382,9.1,3185.0
3363,3.0,1.382,9.1,3185.0
3364,3.0,1.382,9.1,3185.0
3370,3.0,1.382,9.1,3185.0
3371,3.0,1.382,9.1,3185.0
3373,3.0,1.382,9.1,3185.0
3374,3.0,1.382,9.1,3185.0
3375,3.0,1.382,9.1,3185.0
3377,3.0,1.382,9.1,3185.0
3378,3.0,1.382,9.1,3185.0
3379,3.0,1.382,9.1,3185.0
3380,3.0,1.382,9.1,3185.0
3381,3.0,1.382,9.1,3185.0
3384,3.0,1.382,9.1,3185.0
3385,3.0,1.382,9.1,3185.0
3387,3.0,1.382,9.1,3185.0
3388,3.0,1.382,9.1,3185.0
3390,3.0,1.382,9.1,3185.0
3391,3.0,1.382,9.1,3185.0
3392,3.0,1.382,9.1,3185.0
3393,3.0,1.382,9.1,3185.0
3395,3.0,1.382,9.1,3185.0
3396,3.0,1.382,9.1,3185.0
3399,3.0,1.382,9.1,3185.0
3400,3.0,1.382,9.1,3185.0
3401,3.0,1.382,9.1,3185.0
3402,3.0,1.382,9.1,3185.0
3407,3.0,1.382,9.1,3185.0
3409,3.0,1.382,9.1,3185.0
3412,3.0,1.382,9.1,3185.0
3413,3.0,1.382,9.1,3185.0
3414,3.0,1.382,9.1,3185.0
3415,3.0,1.382,9.1,3185.0
3418,3.0,1.382,9.1,3185.0
3419,3.0,1.382,9.1,3185.0
3420,3.0,1.382,9.1,3185.0
3423,3.0,1.382,9.1,3185.0
3424,3.0,1.382,9.1,3185.0
3427,3.0,1.382,9.1,3185.0
3428,3.0,1.382,9.1,3185.0
3429,3.0,1.382,9.1,3185.0
3430,3.0,1.382,9.1,3185.0
3431,3.0,1.382,9.1,3185.0
3432,3.0,1.382,9.1,3185.0
3433,3.0,1.382,9.1,3185.0
3434,3.0,1.382,9.1,3185.0
3435,3.0,1.382,9.1,3185.0
3437,3.0,1.382,9.1,3185.0
3438,3.0,1.382,9.1,3185.0
3440,3.0,1.382,9.1,3185.0
3441,3.0,1.382,9.1,3185.0
3442,3.0,1.382,9.1,3185.0
3444,3.0,1.382,9.1,3185.0
3446,3.0,1.382,9.1,3185.0
3447,3.0,1.382,9.1,3185.0
3448,3.0,1.382,9.1,3185.0
3450,3.0,1.382,9.1,3185.0
3451,3.0,1.382,9.1,3185.0
3453,3.0,1.382,9.1,3185.0
3458,3.0,1.382,9.1,3185.0
3460,3.0,1.382,9.1,3185.0
3461,3.0,1.382,9.1,3185.0
3462,3.0,1.382,9.1,3185.0
3463,3.0,1.382,9.1,3185.0
3464,3.0,1.382,9.1,3185.0
3465,3.0,1.382,9.1,3185.0
3467,3.0,1.382,9.1,3185.0
3468,3.0,1.382,9.1,3185.0
3469,3.0,1.382,9.1,3185.0
3472,3.0,1.382,9.1,3185.0
3475,3.0,1.382,9.1,3185.0
3477,3.0,1.382,9.1,3185.0
3478,3.0,1.382,9.1,3185.0
3480,3.0,1.382,9.1,3185.0
3482,3.0,1.382,9.1,3185.0
3483,3.0,1.382,9.1,3185.0
3485,3.0,1.382,9.1,3185.0
3487,3.0,1.382,9.1,3185.0
3488,3.0,1.382,9.1,3185.0
3489,3.0,1.382,9.1,3185.0
3490,3.0,1.382,9.1,3185.0
3491,3.0,1.382,9.1,3185.0
3494,3.0,1.382,9.1,3185.0
3496,3.0,1.382,9.1,3185.0
3498,3.0,1.382,9.1,3185.0
3500,3.0,1.382,9.1,3185.0
3501,3.0,1.382,9.1,3185.0
3502,3.0,1.382,9.1,3185.0
3505,3.0,1.382,9.1,3185.0
3506,3.0,1.382,9.1,3185.0
3507,3.0,1.382,9.1,3185.0
3509,3.0,1.382,9.1,3185.0
3512,3.0,1.382,9.1,3185.0
3515,3.0,1.382,9.1,3185.0
3516,3.0,1.382,9.1,3185.0
3517,3.0,1.382,9.1,3185.0
3518,3.0,1.382,9.1,3185.0
3520,3.0,1.382,9.1,3185.0
3521,3.0,1.382,9.1,3185.0
3522,3.0,1.382,9.1,3185.0
3523,3.0,1.382,9.1,3185.0
3525,3.0,1.382,9.1,3185.0
3527,3.0,1.382,9.1,3185.0
3529,3.0,1.382,9.1,3185.0
3530,3.0,1.382,9.1,3185.0
3531,3.0,1.382,9.1,3185.0
3533,3.0,1.382,9.1,3185.0
3537,3.0,1.382,9.1,3185.0
3540,3.0,1.382,9.1,3185.0
3542,3.0,1.382,9.1,3185.0
3544,3.0,1.382,9.1,3185.0
3546,3.0,1.382,9.1,3185.0
3549,3.0,1.382,9.1,3185.0
3550,3.0,1.382,9.1,3185.0
3551,3.0,1.382,9.1,3185.0
3552,3.0,1.382,9.1,3185.0
3554,3.0,1.382,9.1,3185.0
3555,3.0,1.382,9.1,3185.0
3556,3.0,1.382,9.1,3185.0
3557,3.0,1.382,9.1,3185.0
3558,3.0,1.382,9.1,3185.0
3559,3.0,1.382,9.1,3185.0
3561,3.0,1.382,9.1,3185.0
3562,3.0,1.382,9.1,3185.0
3563,3.0,1.382,9.1,3185.0
3564,3.0,1.382,9.1,3185.0
3565,3.0,1.382,9.1,3185.0
3566,3.0,1.382,9.1,3185.0
3567,3.0,1.382,9.1,3185.0
3568,3.0,1.382,9.1,3185.0
3570,3.0,1.382,9.1,3185.0
3571,3.0,1.382,9.1,3185.0
3572,3.0,1.382,9.1,3185.0
3573,3.0,1.382,9.1,3185.0
3575,3.0,1.382,9.1,3185.0
3576,3.0,1.382,9.1,3185.0
3579,3.0,1.382,9.1,3185.0
3580,3.0,1.382,9.1,3185.0
3581,3.0,1.382,9.1,3185.0
3583,3.0,1.382,9.1,3185.0
3584,3.0,1.382,9.1,3185.0
3585,3.0,1.382,9.1,3185.0
3586,3.0,1.382,9.1,3185.0
3588,3.0,1.382,9.1,3185.0
3589,3.0,1.382,9.1,3185.0
3590,3.0,1.382,9.1,3185.0
3591,3.0,1.382,9.1,3185.0
3594,3.0,1.382,9.1,3185.0
3595,3.0,1.382,9.1,3185.0
3596,3.0,1.382,9.1,3185.0
3597,3.0,1.382,9.1,3185.0
3599,3.0,1.382,9.1,3185.0
3607,3.0,1.382,9.1,3185.0
3608,3.0,1.382,9.1,3185.0
3610,3.0,1.382,9.1,3185.0
3612,3.0,1.382,9.1,3185.0
3614,3.0,1.382,9.1,3185.0
3616,3.0,1.382,9.1,3185.0
3617,3.0,1.382,9.1,3185.0
3618,3.0,1.382,9.1,3185.0
3619,3.0,1.382,9.1,3185.0
3620,3.0,1.382,9.1,3185.0
3621,3.0,1.382,9.1,3185.0
3622,3.0,1.382,9.1,3185.0
3623,3.0,1.382,9.1,3185.0
3624,3.0,1.382,9.1,3185.0
3629,3.0,1.382,9.1,3185.0
3630,3.0,1.382,9.1,3185.0
3631,3.0,1.382,9.1,3185.0
3632,3.0,1.382,9.1,3185.0
3633,3.0,1.382,9.1,3185.0
3634,3.0,1.382,9.1,3185.0
3635,3.0,1.382,9.1,3185.0
3636,3.0,1.382,9.1,3185.0
3637,3.0,1.382,9.1,3185.0
3638,3.0,1.382,9.1,3185.0
3639,3.0,1.382,9.1,3185.0
3640,3.0,1.382,9.1,3185.0
3641,3.0,1.382,9.1,3185.0
3643,3.0,1.382,9.1,3185.0
3644,3.0,1.382,9.1,3185.0
3646,3.0,1.382,9.1,3185.0
3647,3.0,1.382,9.1,3185.0
3649,3.0,1.382,9.1,3185.0
3658,3.0,1.382,9.1,3185.0
3659,3.0,1.382,9.1,3185.0
3660,3.0,1.382,9.1,3185.0
3661,3.0,1.382,9.1,3185.0
3662,3.0,1.382,9.1,3185.0
3663,3.0,1.382,9.1,3185.0
3664,3.0,1.382,9.1,3185.0
3665,3.0,1.382,9.1,3185.0
3666,3.0,1.382,9.1,3185.0
3669,3.0,1.382,9.1,3185.0
3670,3.0,1.382,9.1,3185.0
3671,3.0,1.382,9.1,3185.0
3672,3.0,1.382,9.1,3185.0
3673,3.0,1.382,9.1,3185.0
3675,3.0,1.382,9.1,3185.0
3676,3.0,1.382,9.1,3185.0
3677,3.0,1.382,9.1,3185.0
3678,3.0,1.382,9.1,3185.0
3682,3.0,1.382,9.1,3185.0
3683,3.0,1.382,9.1,3185.0
3685,3.0,1.382,9.1,3185.0
3687,3.0,1.382,9.1,3185.0
3688,3.0,1.382,9.1,3185.0
3689,3.0,1.382,9.1,3185.0
3690,3.0,1.382,9.1,3185.0
3691,3.0,1.382,9.1,3185.0
3694,3.0,1.382,9.1,3185.0
3695,3.0,1.382,9.1,3185.0
3697,3.0,1.382,9.1,3185.0
3698,3.0,1.382,9.1,3185.0
3699,3.0,1.382,9.1,3185.0
3700,3.0,1.382,9.1,3185.0
3701,3.0,1.382,9.1,3185.0
3704,3.0,1.382,9.1,3185.0
3705,3.0,1.382,9.1,3185.0
3707,3.0,1.382,9.1,3185.0
3708,3.0,1.382,9.1,3185.0
3709,3.0,1.382,9.1,3185.0
3711,3.0,1.382,9.1,3185.0
3712,3.0,1.382,9.1,3185.0
3713,3.0,1.382,9.1,3185.0
3714,3.0,1.382,9.1,3185.0
3715,3.0,1.382,9.1,3185.0
3717,3.0,1.382,9.1,3185.0
3718,3.0,1.382,9.1,3185.0
3719,3.0,1.382,9.1,3185.0
3720,3.0,1.382,9.1,3185.0
3722,3.0,1.382,9.1,3185.0
3723,3.0,1.382,9.1,3185.0
3724,3.0,1.382,9.1,3185.0
3725,3.0,1.382,9.1,3185.0
3726,3.0,1.382,9.1,3185.0
3727,3.0,1.382,9.1,3185.0
3728,3.0,1.382,9.1,3185.0
3730,3.0,1.382,9.1,3185.0
3732,3.0,1.382,9.1,3185.0
3733,3.0,1.382,9.1,3185.0
3735,3.0,1.382,9.1,3185.0
3736,3.0,1.382,9.1,3185.0
3737,3.0,1.382,9.1,3185.0
3738,3.0,1.382,9.1,3185.0
3739,3.0,1.382,9.1,3185.0
3740,3.0,1.382,9.1,3185.0
3741,3.0,1.382,9.1,3185.0
3744,3.0,1.382,9.1,3185.0
3746,3.0,1.382,9.1,3185.0
3747,3.0,1.382,9.1,3185.0
3749,3.0,1.382,9.1,3185.0
3750,3.0,1.382,9.1,3185.0
3751,3.0,1.382,9.1,3185.0
3752,3.0,1.382,9.1,3185.0
3753,3.0,1.382,9.1,3185.0
3754,3.0,1.382,9.1,3185.0
3755,3.0,1.382,9.1,3185.0
3756,3.0,1.382,9.1,3185.0
3757,3.0,1.382,9.1,3185.0
3758,3.0,1.382,9.1,3185.0
3759,4.0,1.185,7.8,2730.0
3760,4.0,1.185,7.8,2730.0
3761,3.0,1.382,9.1,3185.0
3762,3.0,1.382,9.1,3185.0
3763,3.0,1.382,9.1,3185.0
3764,3.0,1.382,9.1,3185.0
3765,4.0,1.185,7.8,2730.0
3766,4.0,1.185,7.8,2730.0
3767,4.0,1.185,7.8,2730.0
3770,4.0,1.185,7.8,2730.0
3775,4.0,1.185,7.8,2730.0
3777,4.0,1.185,7.8,2730.0
3778,4.0,1.185,7.8,2730.0
3779,4.0,1.185,7.8,2730.0
3781,4.0,1.185,7.8,2730.0
3782,4.0,1.185,7.8,2730.0
3783,4.0,1.185,7.8,2730.0
3785,4.0,1.185,7.8,2730.0
3786,4.0,1.185,7.8,2730.0
3787,4.0,1.185,7.8,2730.0
3788,4.0,1.185,7.8,2730.0
3789,4.0,1.185,7.8,2730.0
3791,4.0,1.185,7.8,2730.0
3792,4.0,1.185,7.8,2730.0
3793,4.0,1.185,7.8,2730.0
3795,4.0,1.185,7.8,2730.0
3796,4.0,1.185,7.8,2730.0
3797,4.0,1.185,7.8,2730.0
3799,4.0,1.185,7.8,2730.0
3800,4.0,1.185,7.8,2730.0
3802,4.0,1.185,7.8,2730.0
3803,4.0,1.185,7.8,2730.0
3804,4.0,1.185,7.8,2730.0
3805,4.0,1.185,7.8,2730.0
3806,4.0,1.185,7.8,2730.0
3807,4.0,1.185,7.8,2730.0
3808,4.0,1.185,7.8,2730.0
3809,4.0,1.185,7.8,2730.0
3810,4.0,1.185,7.8,2730.0
3812,4.0,1.185,7.8,2730.0
3813,4.0,1.185,7.8,2730.0
3814,4.0,1.185,7.8,2730.0
3815,4.0,1.185,7.8,2730.0
3816,4.0,1.185,7.8,2730.0
3818,4.0,1.185,7.8,2730.0
3820,4.0,1.185,7.8,2730.0
3821,4.0,1.185,7.8,2730.0
3822,4.0,1.185,7.8,2730.0
3823,4.0,1.185,7.8,2730.0
3824,4.0,1.185,7.8,2730.0
3825,4.0,1.185,7.8,2730.0
3831,4.0,1.185,7.8,2730.0
3832,4.0,1.185,7.8,2730.0
3833,4.0,1.185,7.8,2730.0
3835,4.0,1.185,7.8,2730.0
3840,4.0,1.185,7.8,2730.0
3841,4.0,1.185,7.8,2730.0
3842,4.0,1.185,7.8,2730.0
3844,4.0,1.185,7.8,2730.0
3847,4.0,1.185,7.8,2730.0
3850,4.0,1.185,7.8,2730.0
3851,4.0,1.185,7.8,2730.0
3852,4.0,1.185,7.8,2730.0
3853,4.0,1.185,7.8,2730.0
3854,4.0,1.185,7.8,2730.0
3856,4.0,1.185,7.8,2730.0
3857,4.0,1.185,7.8,2730.0
3858,4.0,1.185,7.8,2730.0
3859,4.0,1.185,7.8,2730.0
3860,4.0,1.185,7.8,2730.0
3862,4.0,1.185,7.8,2730.0
3864,4.0,1.185,7.8,2730.0
3865,4.0,1.185,7.8,2730.0
3869,4.0,1.185,7.8,2730.0
3870,4.0,1.185,7.8,2730.0
3871,4.0,1.185,7.8,2730.0
3873,4.0,1.185,7.8,2730.0
3874,4.0,1.185,7.8,2730.0
3875,4.0,1.185,7.8,2730.0
3878,4.0,1.185,7.8,2730.0
3880,4.0,1.185,7.8,2730.0
3882,4.0,1.185,7.8,2730.0
3885,4.0,1.185,7.8,2730.0
3886,4.0,1.185,7.8,2730.0
3887,4.0,1.185,7.8,2730.0
3888,4.0,1.185,7.8,2730.0
3889,4.0,1.185,7.8,2730.0
3890,4.0,1.185,7.8,2730.0
3891,4.0,1.185,7.8,2730.0
3892,4.0,1.185,7.8,2730.0
3893,4.0,1.185,7.8,2730.0
3895,4.0,1.185,7.8,2730.0
3896,4.0,1.185,7.8,2730.0
3898,4.0,1.185,7.8,2730.0
3900,4.0,1.185,7.8,2730.0
3902,4.0,1.185,7.8,2730.0
3903,4.0,1.185,7.8,2730.0
3904,4.0,1.185,7.8,2730.0
3909,4.0,1.185,7.8,2730.0
3910,4.0,1.185,7.8,2730.0
3911,4.0,1.185,7.8,2730.0
3912,4.0,1.185,7.8,2730.0
3913,4.0,1.185,7.8,2730.0
3915,4.0,1.185,7.8,2730.0
3916,4.0,1.185,7.8,2730.0
3918,4.0,1.185,7.8,2730.0
3919,4.0,1.185,7.8,2730.0
3920,4.0,1.185,7.8,2730.0
3921,4.0,1.185,7.8,2730.0
3922,4.0,1.185,7.8,2730.0
3923,4.0,1.185,7.8,2730.0
3925,4.0,1.185,7.8,2730.0
3926,4.0,1.185,7.8,2730.0
3927,4.0,1.185,7.8,2730.0
3928,4.0,1.185,7.8,2730.0
3929,4.0,1.185,7.8,2730.0
3930,4.0,1.185,7.8,2730.0
3931,4.0,1.185,7.8,2730.0
3933,4.0,1.185,7.8,2730.0
3934,4.0,1.185,7.8,2730.0
3936,4.0,1.185,7.8,2730.0
3937,4.0,1.185,7.8,2730.0
3938,4.0,1.185,7.8,2730.0
3939,4.0,1.185,7.8,2730.0
3940,4.0,1.185,7.8,2730.0
3941,4.0,1.185,7.8,2730.0
3942,4.0,1.185,7.8,2730.0
3943,4.0,1.185,7.8,2730.0
3944,4.0,1.185,7.8,2730.0
3945,4.0,1.185,7.8,2730.0
3946,4.0,1.185,7.8,2730.0
3950,4.0,1.185,7.8,2730.0
3951,4.0,1.185,7.8,2730.0
3953,4.0,1.185,7.8,2730.0
3954,4.0,1.185,7.8,2730.0
3956,4.0,1.185,7.8,2730.0
3957,4.0,1.185,7.8,2730.0
3958,4.0,1.185,7.8,2730.0
3959,4.0,1.185,7.8,2730.0
3960,4.0,1.185,7.8,2730.0
3962,4.0,1.185,7.8,2730.0
3964,4.0,1.185,7.8,2730.0
3965,4.0,1.185,7.8,2730.0
3966,4.0,1.185,7.8,2730.0
3967,4.0,1.185,7.8,2730.0
3971,4.0,1.185,7.8,2730.0
3975,4.0,1.185,7.8,2730.0
3976,4.0,1.185,7.8,2730.0
3977,4.0,1.185,7.8,2730.0
3978,4.0,1.185,7.8,2730.0
3979,4.0,1.185,7.8,2730.0
3980,4.0,1.185,7.8,2730.0
3981,4.0,1.185,7.8,2730.0
3984,4.0,1.185,7.8,2730.0
3987,4.0,1.185,7.8,2730.0
3988,4.0,1.185,7.8,2730.0
3989,4.0,1.185,7.8,2730.0
3990,4.0,1.185,7.8,2730.0
3991,4.0,1.185,7.8,2730.0
3992,4.0,1.185,7.8,2730.0
3995,4.0,1.185,7.8,2730.0
3996,4.0,1.185,7.8,2730.0
4000,3.0,1.382,9.1,3185.0
4001,3.0,1.382,9.1,3185.0
4002,3.0,1.382,9.1,3185.0
4003,3.0,1.382,9.1,3185.0
4004,3.0,1.382,9.1,3185.0
4005,3.0,1.382,9.1,3185.0
4006,3.0,1.382,9.1,3185.0
4007,3.0,1.382,9.1,3185.0
4008,3.0,1.382,9.1,3185.0
4009,3.0,1.382,9.1,3185.0
4010,3.0,1.382,9.1,3185.0
4011,3.0,1.382,9.1,3185.0
4012,3.0,1.382,9.1,3185.0
4013,3.0,1.382,9.1,3185.0
4014,3.0,1.382,9.1,3185.0
4017,3.0,1.382,9.1,3185.0
4018,3.0,1.382,9.1,3185.0
4019,3.0,1.382,9.1,3185.0
4020,3.0,1.382,9.1,3185.0
4021,3.0,1.382,9.1,3185.0
4022,3.0,1.382,9.1,3185.0
4025,3.0,1.382,9.1,3185.0
4029,3.0,1.382,9.1,3185.0
4030,3.0,1.382,9.1,3185.0
4031,3.0,1.382,9.1,3185.0
4032,3.0,1.382,9.1,3185.0
4034,3.0,1.382,9.1,3185.0
4035,3.0,1.382,9.1,3185.0
4036,3.0,1.382,9.1,3185.0
4037,3.0,1.382,9.1,3185.0
4051,3.0,1.382,9.1,3185.0
4053,3.0,1.382,9.1,3185.0
4054,3.0,1.382,9.1,3185.0
4055,3.0,1.382,9.1,3185.0
4059,3.0,1.382,9.1,3185.0
4060,3.0,1.382,9.1,3185.0
4061,3.0,1.382,9.1,3185.0
4064,3.0,1.382,9.1,3185.0
4065,3.0,1.382,9.1,3185.0
4066,3.0,1.382,9.1,3185.0
4067,3.0,1.382,9.1,3185.0
4068,3.0,1.382,9.1,3185.0
4069,3.0,1.382,9.1,3185.0
4070,3.0,1.382,9.1,3185.0
4072,3.0,1.382,9.1,3185.0
4073,3.0,1.382,9.1,3185.0
4074,3.0,1.382,9.1,3185.0
4075,3.0,1.382,9.1,3185.0
4076,3.0,1.382,9.1,3185.0
4077,3.0,1.382,9.1,3185.0
4078,3.0,1.382,9.1,3185.0
4101,3.0,1.382,9.1,3185.0
4102,3.0,1.382,9.1,3185.0
4103,3.0,1.382,9.1,3185.0
4104,3.0,1.382,9.1,3185.0
4105,3.0,1.382,9.1,3185.0
4106,3.0,1.382,9.1,3185.0
4107,3.0,1.382,9.1,3185.0
4108,3.0,1.382,9.1,3185.0
4109,3.0,1.382,9.1,3185.0
4110,3.0,1.382,9.1,3185.0
4111,3.0,1.382,9.1,3185.0
4112,3.0,1.382,9.1,3185.0
4113,3.0,1.382,9.1,3185.0
4114,3.0,1.382,9.1,3185.0
4115,3.0,1.382,9.1,3185.0
4116,3.0,1.382,9.1,3185.0
4117,3.0,1.382,9.1,3185.0
4118,3.0,1.382,9.1,3185.0
4119,3.0,1.382,9.1,3185.0
4120,3.0,1.382,9.1,3185.0
4121,3.0,1.382,9.1,3185.0
4122,3.0,1.382,9.1,3185.0
4123,3.0,1.382,9.1,3185.0
4124,3.0,1.382,9.1,3185.0
4125,3.0,1.382,9.1,3185.0
4127,3.0,1.382,9.1,3185.0
4128,3.0,1.382,9.1,3185.0
4129,3.0,1.382,9.1,3185.0
4130,3.0,1.382,9.1,3185.0
4131,3.0,1.382,9.1,3185.0
4132,3.0,1.382,9.1,3185.0
4133,3.0,1.382,9.1,3185.0
4151,3.0,1.382,9.1,3185.0
4152,3.0,1.382,9.1,3185.0
4153,3.0,1.382,9.1,3185.0
4154,3.0,1.382,9.1,3185.0
4155,3.0,1.382,9.1,3185.0
4156,3.0,1.382,9.1,3185.0
4157,3.0,1.382,9.1,3185.0
4158,3.0,1.382,9.1,3185.0
4159,3.0,1.382,9.1,3185.0
4160,3.0,1.382,9.1,3185.0
4161,3.0,1.382,9.1,3185.0
4163,3.0,1.382,9.1,3185.0
4164,3.0,1.382,9.1,3185.0
4165,3.0,1.382,9.1,3185.0
4169,3.0,1.382,9.1,3185.0
4170,3.0,1.382,9.1,3185.0
4171,3.0,1.382,9.1,3185.0
4172,3.0,1.382,9.1,3185.0
4173,3.0,1.382,9.1,3185.0
4174,3.0,1.382,9.1,3185.0
4178,3.0,1.382,9.1,3185.0
4179,3.0,1.382,9.1,3185.0
4183,3.0,1.382,9.1,3185.0
4184,3.0,1.382,9.1,3185.0
4205,3.0,1.382,9.1,3185.0
4207,3.0,1.382,9.1,3185.0
4208,3.0,1.382,9.1,3185.0
4209,3.0,1.382,9.1,3185.0
4210,3.0,1.382,9.1,3185.0
4211,3.0,1.382,9.1,3185.0
4212,3.0,1.382,9.1,3185.0
4213,3.0,1.382,9.1,3185.0
4214,3.0,1.382,9.1,3185.0
4215,3.0,1.382,9.1,3185.0
4216,3.0,1.382,9.1,3185.0
4217,3.0,1.382,9.1,3185.0
4218,3.0,1.382,9.1,3185.0
4219,3.0,1.382,9.1,3185.0
4220,3.0,1.382,9.1,3185.0
4221,3.0,1.382,9.1,3185.0
4222,3.0,1.382,9.1,3185.0
4223,3.0,1.382,9.1,3185.0
4224,3.0,1.382,9.1,3185.0
4225,3.0,1.382,9.1,3185.0
4226,3.0,1.382,9.1,3185.0
4227,3.0,1.382,9.1,3185.0
4228,3.0,1.382,9.1,3185.0
4229,3.0,1.382,9.1,3185.0
4230,3.0,1.382,9.1,3185.0
4270,3.0,1.382,9.1,3185.0
4271,3.0,1.382,9.1,3185.0
4272,3.0,1.382,9.1,3185.0
4275,3.0,1.382,9.1,3185.0
4280,3.0,1.382,9.1,3185.0
4285,3.0,1.382,9.1,3185.0
4287,3.0,1.382,9.1,3185.0
4300,3.0,1.382,9.1,3185.0
4301,3.0,1.382,9.1,3185.0
4303,3.0,1.382,9.1,3185.0
4304,3.0,1.382,9.1,3185.0
4305,3.0,1.382,9.1,3185.0
4306,3.0,1.382,9.1,3185.0
4307,3.0,1.382,9.1,3185.0
4309,3.0,1.382,9.1,3185.0
4310,3.0,1.382,9.1,3185.0
4311,3.0,1.382,9.1,3185.0
4312,3.0,1.382,9.1,3185.0
4313,3.0,1.382,9.1,3185.0
4314,3.0,1.382,9.1,3185.0
4327,3.0,1.382,9.1,3185.0
4330,3.0,1.382,9.1,3185.0
4340,3.0,1.382,9.1,3185.0
4341,3.0,1.382,9.1,3185.0
4342,3.0,1.382,9.1,3185.0
4343,3.0,1.382,9.1,3185.0
4344,3.0,1.382,9.1,3185.0
4345,3.0,1.382,9.1,3185.0
4346,3.0,1.382,9.1,3185.0
4347,3.0,1.382,9.1,3185.0
4350,3.0,1.382,9.1,3185.0
4352,3.0,1.382,9.1,3185.0
4353,3.0,1.382,9.1,3185.0
4354,3.0,1.382,9.1,3185.0
4355,3.0,1.382,9.1,3185.0
4356,3.0,1.382,9.1,3185.0
4357,3.0,1.382,9.1,3185.0
4358,3.0,1.382,9.1,3185.0
4359,3.0,1.382,9.1,3185.0
4360,3.0,1.382,9.1,3185.0
4361,3.0,1.382,9.1,3185.0
4362,3.0,1.382,9.1,3185.0
4363,3.0,1.382,9.1,3185.0
4364,3.0,1.382,9.1,3185.0
4365,3.0,1.382,9.1,3185.0
4370,3.0,1.382,9.1,3185.0
4371,3.0,1.382,9.1,3185.0
4372,3.0,1.382,9.1,3185.0
4373,3.0,1.382,9.1,3185.0
4374,3.0,1.382,9.1,3185.0
4375,3.0,1.382,9.1,3185.0
4376,3.0,1.382,9.1,3185.0
4377,3.0,1.382,9.1,3185.0
4378,3.0,1.382,9.1,3185.0
4380,3.0,1.382,9.1,3185.0
4381,3.0,1.382,9.1,3185.0
4382,3.0,1.382,9.1,3185.0
4383,3.0,1.382,9.1,3185.0
4384,3.0,1.382,9.1,3185.0
4385,3.0,1.382,9.1,3185.0
4387,3.0,1.382,9.1,3185.0
4388,3.0,1.382,9.1,3185.0
4390,3.0,1.382,9.1,3185.0
4400,3.0,1.382,9.1,3185.0
4401,3.0,1.382,9.1,3185.0
4402,3.0,1.382,9.1,3185.0
4403,3.0,1.382,9.1,3185.0
4404,3.0,1.382,9.1,3185.0
4405,3.0,1.382,9.1,3185.0
4406,3.0,1.382,9.1,3185.0
4407,3.0,1.382,9.1,3185.0
4408,3.0,1.382,9.1,3185.0
4410,3.0,1.382,9.1,3185.0
4411,3.0,1.382,9.1,3185.0
4412,3.0,1.382,9.1,3185.0
4413,3.0,1.382,9.1,3185.0
4415,3.0,1.382,9.1,3185.0
4416,3.0,1.382,9.1,3185.0
4417,2.0,1.536,10.1,3535.0
4418,3.0,1.382,9.1,3185.0
4419,3.0,1.382,9.1,3185.0
4420,3.0,1.382,9.1,3185.0
4421,3.0,1.382,9.1,3185.0
4422,3.0,1.382,9.1,3185.0
4423,3.0,1.382,9.1,3185.0
4424,3.0,1.382,9.1,3185.0
4425,3.0,1.382,9.1,3185.0
4426,3.0,1.382,9.1,3185.0
4427,3.0,1.382,9.1,3185.0
4428,2.0,1.536,10.1,3535.0
4454,2.0,1.536,10.1,3535.0
4455,2.0,1.536,10.1,3535.0
4461,2.0,1.536,10.1,3535.0
4462,2.0,1.536,10.1,3535.0
4465,2.0,1.536,10.1,3535.0
4467,2.0,1.536,10.1,3535.0
4468,2.0,1.536,10.1,3535.0
4470,2.0,1.536,10.1,3535.0
4471,2.0,1.536,10.1,3535.0
4472,2.0,1.536,10.1,3535.0
4474,1.0,1.6219999999999999,10.7,3745.0
4475,1.0,1.6219999999999999,10.7,3745.0
4477,2.0,1.536,10.1,3535.0
4478,2.0,1.536,10.1,3535.0
4479,1.0,1.6219999999999999,10.7,3745.0
4480,1.0,1.6219999999999999,10.7,3745.0
4481,1.0,1.6219999999999999,10.7,3745.0
4482,1.0,1.6219999999999999,10.7,3745.0
4486,2.0,1.536,10.1,3535.0
4487,2.0,1.536,10.1,3535.0
4488,2.0,1.536,10.1,3535.0
4489,2.0,1.536,10.1,3535.0
4490,2.0,1.536,10.1,3535.0
4491,2.0,1.536,10.1,3535.0
4492,1.0,1.6219999999999999,10.7,3745.0
4493,2.0,1.536,10.1,3535.0
4494,3.0,1.382,9.1,3185.0
4496,2.0,1.536,10.1,3535.0
4497,2.0,1.536,10.1,3535.0
4498,3.0,1.382,9.1,3185.0
4500,3.0,1.382,9.1,3185.0
4501,3.0,1.382,9.1,3185.0
4502,3.0,1.382,9.1,3185.0
4503,3.0,1.382,9.1,3185.0
4504,3.0,1.382,9.1,3185.0
4505,3.0,1.382,9.1,3185.0
4506,3.0,1.382,9.1,3185.0
4507,3.0,1.382,9.1,3185.0
4508,3.0,1.382,9.1,3185.0
4509,3.0,1.382,9.1,3185.0
4510,3.0,1.382,9.1,3185.0
4511,3.0,1.382,9.1,3185.0
4512,3.0,1.382,9.1,3185.0
4514,3.0,1.382,9.1,3185.0
4515,3.0,1.382,9.1,3185.0
4516,3.0,1.382,9.1,3185.0
4517,3.0,1.382,9.1,3185.0
4518,3.0,1.382,9.1,3185.0
4519,3.0,1.382,9.1,3185.0
4520,3.0,1.382,9.1,3185.0
4521,3.0,1.382,9.1,3185.0
4550,3.0,1.382,9.1,3185.0
4551,3.0,1.382,9.1,3185.0
4552,3.0,1.382,9.1,3185.0
4553,3.0,1.382,9.1,3185.0
4554,3.0,1.382,9.1,3185.0
4555,3.0,1.382,9.1,3185.0
4556,3.0,1.382,9.1,3185.0
4557,3.0,1.382,9.1,3185.0
4558,3.0,1.382,9.1,3185.0
4559,3.0,1.382,9.1,3185.0
4560,3.0,1.382,9.1,3185.0
4561,3.0,1.382,9.1,3185.0
4562,3.0,1.382,9.1,3185.0
4563,3.0,1.382,9.1,3185.0
4564,3.0,1.382,9.1,3185.0
4565,3.0,1.382,9.1,3185.0
4566,3.0,1.382,9.1,3185.0
4567,3.0,1.382,9.1,3185.0
4568,3.0,1.382,9.1,3185.0
4569,3.0,1.382,9.1,3185.0
4570,3.0,1.382,9.1,3185.0
4571,3.0,1.382,9.1,3185.0
4572,3.0,1.382,9.1,3185.0
4573,3.0,1.382,9.1,3185.0
4574,3.0,1.382,9.1,3185.0
4575,3.0,1.382,9.1,3185.0
4580,3.0,1.382,9.1,3185.0
4581,3.0,1.382,9.1,3185.0
4600,3.0,1.382,9.1,3185.0
4601,3.0,1.382,9.1,3185.0
4605,3.0,1.382,9.1,3185.0
4606,3.0,1.382,9.1,3185.0
4608,3.0,1.382,9.1,3185.0
4610,3.0,1.382,9.1,3185.0
4611,3.0,1.382,9.1,3185.0
4612,3.0,1.382,9.1,3185.0
4613,3.0,1.382,9.1,3185.0
4614,3.0,1.382,9.1,3185.0
4615,3.0,1.382,9.1,3185.0
4620,3.0,1.382,9.1,3185.0
4621,3.0,1.382,9.1,3185.0
4625,3.0,1.382,9.1,3185.0
4626,3.0,1.382,9.1,3185.0
4627,3.0,1.382,9.1,3185.0
4630,3.0,1.382,9.1,3185.0
4650,3.0,1.382,9.1,3185.0
4655,3.0,1.382,9.1,3185.0
4659,3.0,1.382,9.1,3185.0
4660,3.0,1.382,9.1,3185.0
4662,3.0,1.382,9.1,3185.0
4670,3.0,1.382,9.1,3185.0
4671,3.0,1.382,9.1,3185.0
4673,3.0,1.382,9.1,3185.0
4674,3.0,1.382,9.1,3185.0
4676,3.0,1.382,9.1,3185.0
4677,3.0,1.382,9.1,3185.0
4678,3.0,1.382,9.1,3185.0
4680,3.0,1.382,9.1,3185.0
4694,3.0,1.382,9.1,3185.0
4695,3.0,1.382,9.1,3185.0
4697,3.0,1.382,9.1,3185.0
4699,3.0,1.382,9.1,3185.0
4700,3.0,1.382,9.1,3185.0
4701,3.0,1.382,9.1,3185.0
4702,3.0,1.382,9.1,3185.0
4703,3.0,1.382,9.1,3185.0
4704,3.0,1.382,9.1,3185.0
4705,3.0,1.382,9.1,3185.0
4706,3.0,1.382,9.1,3185.0
4707,3.0,1.382,9.1,3185.0
4709,3.0,1.382,9.1,3185.0
4710,3.0,1.382,9.1,3185.0
4711,3.0,1.382,9.1,3185.0
4712,3.0,1.382,9.1,3185.0
4713,3.0,1.382,9.1,3185.0
4714,3.0,1.382,9.1,3185.0
4715,3.0,1.382,9.1,3185.0
4716,3.0,1.382,9.1,3185.0
4717,3.0,1.382,9.1,3185.0
4718,3.0,1.382,9.1,3185.0
4719,3.0,1.382,9.1,3185.0
4720,2.0,1.536,10.1,3535.0
4721,2.0,1.536,10.1,3535.0
4722,2.0,1.536,10.1,3535.0
4723,3.0,1.382,9.1,3185.0
4724,2.0,1.536,10.1,3535.0
4725,2.0,1.536,10.1,3535.0
4726,2.0,1.536,10.1,3535.0
4727,2.0,1.536,10.1,3535.0
4728,2.0,1.536,10.1,3535.0
4730,2.0,1.536,10.1,3535.0
4731,2.0,1.536,10.1,3535.0
4732,2.0,1.536,10.1,3535.0
4733,2.0,1.536,10.1,3535.0
4735,1.0,1.6219999999999999,10.7,3745.0
4736,1.0,1.6219999999999999,10.7,3745.0
4737,3.0,1.382,9.1,3185.0
4738,3.0,1.382,9.1,3185.0
4739,3.0,1.382,9.1,3185.0
4740,3.0,1.382,9.1,3185.0
4741,3.0,1.382,9.1,3185.0
4742,3.0,1.382,9.1,3185.0
4743,3.0,1.382,9.1,3185.0
4744,3.0,1.382,9.1,3185.0
4745,3.0,1.382,9.1,3185.0
4746,3.0,1.382,9.1,3185.0
4750,3.0,1.382,9.1,3185.0
4751,3.0,1.382,9.1,3185.0
4753,3.0,1.382,9.1,3185.0
4754,3.0,1.382,9.1,3185.0
4756,3.0,1.382,9.1,3185.0
4757,3.0,1.382,9.1,3185.0
4798,3.0,1.382,9.1,3185.0
4799,3.0,1.382,9.1,3185.0
4800,3.0,1.382,9.1,3185.0
4801,3.0,1.382,9.1,3185.0
4802,3.0,1.382,9.1,3185.0
4803,3.0,1.382,9.1,3185.0
4804,3.0,1.382,9.1,3185.0
4805,3.0,1.382,9.1,3185.0
4806,3.0,1.382,9.1,3185.0
4807,3.0,1.382,9.1,3185.0
4808,3.0,1.382,9.1,3185.0
4809,3.0,1.382,9.1,3185.0
4810,3.0,1.382,9.1,3185.0
4811,3.0,1.382,9.1,3185.0
4812,3.0,1.382,9.1,3185.0
4813,3.0,1.382,9.1,3185.0
4814,3.0,1.382,9.1,3185.0
4815,3.0,1.382,9.1,3185.0
4816,3.0,1.382,9.1,3185.0
4817,3.0,1.382,9.1,3185.0
4818,3.0,1.382,9.1,3185.0
4819,3.0,1.382,9.1,3185.0
4820,3.0,1.382,9.1,3185.0
4821,3.0,1.382,9.1,3185.0
4822,3.0,1.382,9.1,3185.0
4823,2.0,1.536,10.1,3535.0
4824,3.0,1.382,9.1,3185.0
4825,2.0,1.536,10.1,3535.0
4828,3.0,1.382,9.1,3185.0
4829,1.0,1.6219999999999999,10.7,3745.0
4830,3.0,1.382,9.1,3185.0
4849,3.0,1.382,9.1,3185.0
4850,3.0,1.382,9.1,3185.0
4852,3.0,1.382,9.1,3185.0
4854,3.0,1.382,9.1,3185.0
4855,3.0,1.382,9.1,3185.0
4856,3.0,1.382,9.1,3185.0
4857,3.0,1.382,9.1,3185.0
4858,3.0,1.382,9.1,3185.0
4859,3.0,1.382,9.1,3185.0
4860,3.0,1.382,9.1,3185.0
4861,3.0,1.382,9.1,3185.0
4865,3.0,1.382,9.1,3185.0
4868,3.0,1.382,9.1,3185.0
4869,3.0,1.382,9.1,3185.0
4870,3.0,1.382,9.1,3185.0
4871,3.0,1.382,9.1,3185.0
4872,3.0,1.382,9.1,3185.0
4873,3.0,1.382,9.1,3185.0
4874,3.0,1.382,9.1,3185.0
4875,3.0,1.382,9.1,3185.0
4876,3.0,1.382,9.1,3185.0
4877,3.0,1.382,9.1,3185.0
4878,3.0,1.382,9.1,3185.0
4879,3.0,1.382,9.1,3185.0
4880,3.0,1.382,9.1,3185.0
4881,3.0,1.382,9.1,3185.0
4882,3.0,1.382,9.1,3185.0
4883,3.0,1.382,9.1,3185.0
4884,3.0,1.382,9.1,3185.0
4885,3.0,1.382,9.1,3185.0
4886,3.0,1.382,9.1,3185.0
4887,3.0,1.382,9.1,3185.0
4888,3.0,1.382,9.1,3185.0
4890,3.0,1.382,9.1,3185.0
4891,3.0,1.382,9.1,3185.0
4892,3.0,1.382,9.1,3185.0
4895,3.0,1.382,9.1,3185.0
5000,3.0,1.382,9.1,3185.0
5001,3.0,1.382,9.1,3185.0
5005,3.0,1.382,9.1,3185.0
5006,3.0,1.382,9.1,3185.0
5007,3.0,1.382,9.1,3185.0
5008,3.0,1.382,9.1,3185.0
5009,3.0,1.382,9.1,3185.0
5010,3.0,1.382,9.1,3185.0
5011,3.0,1.382,9.1,3185.0
5012,3.0,1.382,9.1,3185.0
5013,3.0,1.382,9.1,3185.0
5014,3.0,1.382,9.1,3185.0
5015,3.0,1.382,9.1,3185.0
5016,3.0,1.382,9.1,3185.0
5017,3.0,1.382,9.1,3185.0
5018,3.0,1.382,9.1,3185.0
5019,3.0,1.382,9.1,3185.0
5020,3.0,1.382,9.1,3185.0
5021,3.0,1.382,9.1,3185.0
5022,3.0,1.382,9.1,3185.0
5023,3.0,1.382,9.1,3185.0
5024,3.0,1.382,9.1,3185.0
5025,3.0,1.382,9.1,3185.0
5031,3.0,1.382,9.1,3185.0
5032,3.0,1.382,9.1,3185.0
5033,3.0,1.382,9.1,3185.0
5034,3.0,1.382,9.1,3185.0
5035,3.0,1.382,9.1,3185.0
5037,3.0,1.382,9.1,3185.0
5038,3.0,1.382,9.1,3185.0
5039,3.0,1.382,9.1,3185.0
5040,3.0,1.382,9.1,3185.0
5041,3.0,1.382,9.1,3185.0
5042,3.0,1.382,9.1,3185.0
5043,3.0,1.382,9.1,3185.0
5044,3.0,1.382,9.1,3185.0
5045,3.0,1.382,9.1,3185.0
5046,3.0,1.382,9.1,3185.0
5047,3.0,1.382,9.1,3185.0
5048,3.0,1.382,9.1,3185.0
5049,3.0,1.382,9.1,3185.0
5050,3.0,1.382,9.1,3185.0
5051,3.0,1.382,9.1,3185.0
5052,3.0,1.382,9.1,3185.0
5061,3.0,1.382,9.1,3185.0
5062,3.0,1.382,9.1,3185.0
5063,3.0,1.382,9.1,3185.0
5064,3.0,1.382,9.1,3185.0
5065,3.0,1.382,9.1,3185.0
5066,3.0,1.382,9.1,3185.0
5067,3.0,1.382,9.1,3185.0
5068,3.0,1.382,9.1,3185.0
5069,3.0,1.382,9.1,3185.0
5070,3.0,1.382,9.1,3185.0
5071,3.0,1.382,9.1,3185.0
5072,3.0,1.382,9.1,3185.0
5073,3.0,1.382,9.1,3185.0
5074,3.0,1.382,9.1,3185.0
5075,3.0,1.382,9.1,3185.0
5076,3.0,1.382,9.1,3185.0
5081,3.0,1.382,9.1,3185.0
5082,3.0,1.382,9.1,3185.0
5083,3.0,1.382,9.1,3185.0
5084,3.0,1.382,9.1,3185.0
5085,3.0,1.382,9.1,3185.0
5086,3.0,1.382,9.1,3185.0
5087,3.0,1.382,9.1,3185.0
5088,3.0,1.382,9.1,3185.0
5089,3.0,1.382,9.1,3185.0
5090,3.0,1.382,9.1,3185.0
5091,3.0,1.382,9.1,3185.0
5092,3.0,1.382,9.1,3185.0
5093,3.0,1.382,9.1,3185.0
5094,3.0,1.382,9.1,3185.0
5095,3.0,1.382,9.1,3185.0
5096,3.0,1.382,9.1,3185.0
5097,3.0,1.382,9.1,3185.0
5098,3.0,1.382,9.1,3185.0
5106,3.0,1.382,9.1,3185.0
5107,3.0,1.382,9.1,3185.0
5108,3.0,1.382,9.1,3185.0
5109,3.0,1.382,9.1,3185.0
5110,3.0,1.382,9.1,3185.0
5111,3.0,1.382,9.1,3185.0
5112,3.0,1.382,9.1,3185.0
5113,3.0,1.382,9.1,3185.0
5114,3.0,1.382,9.1,3185.0
5115,3.0,1.382,9.1,3185.0
5116,3.0,1.382,9.1,3185.0
5117,3.0,1.382,9.1,3185.0
5118,3.0,1.382,9.1,3185.0
5120,3.0,1.382,9.1,3185.0
5121,3.0,1.382,9.1,3185.0
5125,3.0,1.382,9.1,3185.0
5126,3.0,1.382,9.1,3185.0
5127,3.0,1.382,9.1,3185.0
5131,3.0,1.382,9.1,3185.0
5132,3.0,1.382,9.1,3185.0
5133,3.0,1.382,9.1,3185.0
5134,3.0,1.382,9.1,3185.0
5136,3.0,1.382,9.1,3185.0
5137,3.0,1.382,9.1,3185.0
5138,3.0,1.382,9.1,3185.0
5139,3.0,1.382,9.1,3185.0
5140,3.0,1.382,9.1,3185.0
5141,3.0,1.382,9.1,3185.0
5142,3.0,1.382,9.1,3185.0
5144,3.0,1.382,9.1,3185.0
5150,3.0,1.382,9.1,3185.0
5151,3.0,1.382,9.1,3185.0
5152,3.0,1.382,9.1,3185.0
5153,3.0,1.382,9.1,3185.0
5154,3.0,1.382,9.1,3185.0
5155,3.0,1.382,9.1,3185.0
5156,3.0,1.382,9.1,3185.0
5157,3.0,1.382,9.1,3185.0
5158,3.0,1.382,9.1,3185.0
5159,3.0,1.382,9.1,3185.0
5160,3.0,1.382,9.1,3185.0
5161,3.0,1.382,9.1,3185.0
5162,3.0,1.382,9.1,3185.0
5163,3.0,1.382,9.1,3185.0
5164,3.0,1.382,9.1,3185.0
5165,3.0,1.382,9.1,3185.0
5166,3.0,1.382,9.1,3185.0
5167,3.0,1.382,9.1,3185.0
5168,3.0,1.382,9.1,3185.0
5169,3.0,1.382,9.1,3185.0
5170,3.0,1.382,9.1,3185.0
5171,3.0,1.382,9.1,3185.0
5172,3.0,1.382,9.1,3185.0
5173,3.0,1.382,9.1,3185.0
5174,3.0,1.382,9.1,3185.0
5201,3.0,1.382,9.1,3185.0
5202,3.0,1.382,9.1,3185.0
5203,3.0,1.382,9.1,3185.0
5204,3.0,1.382,9.1,3185.0
5210,3.0,1.382,9.1,3185.0
5211,3.0,1.382,9.1,3185.0
5212,3.0,1.382,9.1,3185.0
5213,3.0,1.382,9.1,3185.0
5214,3.0,1.382,9.1,3185.0
5220,3.0,1.382,9.1,3185.0
5221,3.0,1.382,9.1,3185.0
5222,3.0,1.382,9.1,3185.0
5223,3.0,1.382,9.1,3185.0
5231,3.0,1.382,9.1,3185.0
5232,3.0,1.382,9.1,3185.0
5233,3.0,1.382,9.1,3185.0
5234,3.0,1.382,9.1,3185.0
5235,3.0,1.382,9.1,3185.0
5236,3.0,1.382,9.1,3185.0
5237,3.0,1.382,9.1,3185.0
5238,3.0,1.382,9.1,3185.0
5240,3.0,1.382,9.1,3185.0
5241,3.0,1.382,9.1,3185.0
5242,3.0,1.382,9.1,3185.0
5243,3.0,1.382,9.1,3185.0
5244,3.0,1.382,9.1,3185.0
5245,3.0,1.382,9.1,3185.0
5250,3.0,1.382,9.1,3185.0
5251,3.0,1.382,9.1,3185.0
5252,3.0,1.382,9.1,3185.0
5253,3.0,1.382,9.1,3185.0
5254,3.0,1.382,9.1,3185.0
5255,3.0,1.382,9.1,3185.0
5256,3.0,1.382,9.1,3185.0
5259,3.0,1.382,9.1,3185.0
5260,3.0,1.382,9.1,3185.0
5261,3.0,1.382,9.1,3185.0
5262,3.0,1.382,9.1,3185.0
5263,3.0,1.382,9.1,3185.0
5264,3.0,1.382,9.1,3185.0
5265,3.0,1.382,9.1,3185.0
5266,3.0,1.382,9.1,3185.0
5267,3.0,1.382,9.1,3185.0
5268,3.0,1.382,9.1,3185.0
5269,3.0,1.382,9.1,3185.0
5270,3.0,1.382,9.1,3185.0
5271,3.0,1.382,9.1,3185.0
5272,3.0,1.382,9.1,3185.0
5273,3.0,1.382,9.1,3185.0
5275,3.0,1.382,9.1,3185.0
5276,3.0,1.382,9.1,3185.0
5277,3.0,1.382,9.1,3185.0
5278,3.0,1.382,9.1,3185.0
5279,3.0,1.382,9.1,3185.0
5280,3.0,1.382,9.1,3185.0
5290,3.0,1.382,9.1,3185.0
5291,3.0,1.382,9.1,3185.0
5301,3.0,1.382,9.1,3185.0
5302,3.0,1.382,9.1,3185.0
5303,3.0,1.382,9.1,3185.0
5304,3.0,1.382,9.1,3185.0
5306,3.0,1.382,9.1,3185.0
5307,3.0,1.382,9.1,3185.0
5308,3.0,1.382,9.1,3185.0
5309,3.0,1.382,9.1,3185.0
5310,3.0,1.382,9.1,3185.0
5311,3.0,1.382,9.1,3185.0
5320,3.0,1.382,9.1,3185.0
5321,3.0,1.382,9.1,3185.0
5322,3.0,1.382,9.1,3185.0
5330,3.0,1.382,9.1,3185.0
5331,3.0,1.382,9.1,3185.0
5332,3.0,1.382,9.1,3185.0
5333,3.0,1.382,9.1,3185.0
5340,3.0,1.382,9.1,3185.0
5341,3.0,1.382,9.1,3185.0
5342,3.0,1.382,9.1,3185.0
5343,3.0,1.382,9.1,3185.0
5344,3.0,1.382,9.1,3185.0
5345,3.0,1.382,9.1,3185.0
5346,3.0,1.382,9.1,3185.0
5350,3.0,1.382,9.1,3185.0
5351,3.0,1.382,9.1,3185.0
5352,3.0,1.382,9.1,3185.0
5353,3.0,1.382,9.1,3185.0
5354,3.0,1.382,9.1,3185.0
5355,3.0,1.382,9.1,3185.0
5356,3.0,1.382,9.1,3185.0
5357,3.0,1.382,9.1,3185.0
5360,3.0,1.382,9.1,3185.0
5371,3.0,1.382,9.1,3185.0
5372,3.0,1.382,9.1,3185.0
5373,3.0,1.382,9.1,3185.0
5374,3.0,1.382,9.1,3185.0
5381,3.0,1.382,9.1,3185.0
5400,3.0,1.382,9.1,3185.0
5401,3.0,1.382,9.1,3185.0
5410,3.0,1.382,9.1,3185.0
5411,3.0,1.382,9.1,3185.0
5412,3.0,1.382,9.1,3185.0
5413,3.0,1.382,9.1,3185.0
5414,3.0,1.382,9.1,3185.0
5415,3.0,1.382,9.1,3185.0
5416,3.0,1.382,9.1,3185.0
5417,3.0,1.382,9.1,3185.0
5418,3.0,1.382,9.1,3185.0
5419,3.0,1.382,9.1,3185.0
5420,3.0,1.382,9.1,3185.0
5421,3.0,1.382,9.1,3185.0
5422,3.0,1.382,9.1,3185.0
5431,3.0,1.382,9.1,3185.0
5432,2.0,1.536,10.1,3535.0
5433,2.0,1.536,10.1,3535.0
5434,2.0,1.536,10.1,3535.0
5440,2.0,1.536,10.1,3535.0
5451,3.0,1.382,9.1,3185.0
5452,3.0,1.382,9.1,3185.0
5453,3.0,1.382,9.1,3185.0
5454,3.0,1.382,9.1,3185.0
5455,3.0,1.382,9.1,3185.0
5460,3.0,1.382,9.1,3185.0
5461,3.0,1.382,9.1,3185.0
5462,3.0,1.382,9.1,3185.0
5464,3.0,1.382,9.1,3185.0
5470,3.0,1.382,9.1,3185.0
5471,3.0,1.382,9.1,3185.0
5472,3.0,1.382,9.1,3185.0
5473,3.0,1.382,9.1,3185.0
5480,3.0,1.382,9.1,3185.0
5481,3.0,1.382,9.1,3185.0
5482,3.0,1.382,9.1,3185.0
5483,3.0,1.382,9.1,3185.0
5485,3.0,1.382,9.1,3185.0
5490,3.0,1.382,9.1,3185.0
5491,3.0,1.382,9.1,3185.0
5493,3.0,1.382,9.1,3185.0
5495,3.0,1.382,9.1,3185.0
5501,3.0,1.382,9.1,3185.0
5502,3.0,1.382,9.1,3185.0
5510,3.0,1.382,9.1,3185.0
5520,3.0,1.382,9.1,3185.0
5521,3.0,1.382,9.1,3185.0
5522,3.0,1.382,9.1,3185.0
5523,3.0,1.382,9.1,3185.0
5540,3.0,1.382,9.1,3185.0
5550,3.0,1.382,9.1,3185.0
5552,3.0,1.382,9.1,3185.0
5554,3.0,1.382,9.1,3185.0
5555,3.0,1.382,9.1,3185.0
5556,3.0,1.382,9.1,3185.0
5558,3.0,1.382,9.1,3185.0
5560,3.0,1.382,9.1,3185.0
5570,3.0,1.382,9.1,3185.0
5571,3.0,1.382,9.1,3185.0
5572,3.0,1.382,9.1,3185.0
5573,3.0,1.382,9.1,3185.0
5575,3.0,1.382,9.1,3185.0
5576,3.0,1.382,9.1,3185.0
5577,3.0,1.382,9.1,3185.0
5580,3.0,1.382,9.1,3185.0
5581,3.0,1.382,9.1,3185.0
5582,3.0,1.382,9.1,3185.0
5583,3.0,1.382,9.1,3185.0
5600,3.0,1.382,9.1,3185.0
5601,3.0,1.382,9.1,3185.0
5602,3.0,1.382,9.1,3185.0
5603,3.0,1.382,9.1,3185.0
5604,3.0,1.382,9.1,3185.0
5605,3.0,1.382,9.1,3185.0
5606,3.0,1.382,9.1,3185.0
5607,3.0,1.382,9.1,3185.0
5608,3.0,1.382,9.1,3185.0
5609,3.0,1.382,9.1,3185.0
5611,3.0,1.382,9.1,3185.0
5630,3.0,1.382,9.1,3185.0
5631,3.0,1.382,9.1,3185.0
5632,3.0,1.382,9.1,3185.0
5633,3.0,1.382,9.1,3185.0
5640,3.0,1.382,9.1,3185.0
5641,3.0,1.382,9.1,3185.0
5642,3.0,1.382,9.1,3185.0
5650,3.0,1.382,9.1,3185.0
5651,3.0,1.382,9.1,3185.0
5652,3.0,1.382,9.1,3185.0
5653,3.0,1.382,9.1,3185.0
5654,3.0,1.382,9.1,3185.0
5655,2.0,1.536,10.1,3535.0
5660,2.0,1.536,10.1,3535.0
5661,2.0,1.536,10.1,3535.0
5670,3.0,1.382,9.1,3185.0
5671,3.0,1.382,9.1,3185.0
5680,2.0,1.536,10.1,3535.0
5690,2.0,1.536,10.1,3535.0
5700,3.0,1.382,9.1,3185.0
5701,3.0,1.382,9.1,3185.0
5710,2.0,1.536,10.1,3535.0
5713,2.0,1.536,10.1,3535.0
5715,2.0,1.536,10.1,3535.0
5717,2.0,1.536,10.1,3535.0
5719,2.0,1.536,10.1,3535.0
5720,2.0,1.536,10.1,3535.0
5722,2.0,1.536,10.1,3535.0
5723,1.0,1.6219999999999999,10.7,3745.0
5724,1.0,1.6219999999999999,10.7,3745.0
5725,2.0,1.536,10.1,3535.0
5730,2.0,1.536,10.1,3535.0
5731,1.0,1.6219999999999999,10.7,3745.0
5732,2.0,1.536,10.1,3535.0
5733,1.0,1.6219999999999999,10.7,3745.0
5734,1.0,1.6219999999999999,10.7,3745.0
5800,3.0,1.382,9.1,3185.0
5810,3.0,1.382,9.1,3185.0
5839,3.0,1.382,9.1,3185.0
5942,3.0,1.382,9.1,3185.0
5950,3.0,1.382,9.1,3185.0
6000,3.0,1.382,9.1,3185.0
6001,3.0,1.382,9.1,3185.0
6003,3.0,1.382,9.1,3185.0
6004,3.0,1.382,9.1,3185.0
6005,3.0,1.382,9.1,3185.0
6006,3.0,1.382,9.1,3185.0
6007,3.0,1.382,9.1,3185.0
6008,3.0,1.382,9.1,3185.0
6009,3.0,1.382,9.1,3185.0
6010,3.0,1.382,9.1,3185.0
6011,3.0,1.382,9.1,3185.0
6012,3.0,1.382,9.1,3185.0
6014,3.0,1.382,9.1,3185.0
6015,3.0,1.382,9.1,3185.0
6016,3.0,1.382,9.1,3185.0
6017,3.0,1.382,9.1,3185.0
6018,3.0,1.382,9.1,3185.0
6019,3.0,1.382,9.1,3185.0
6020,3.0,1.382,9.1,3185.0
6021,3.0,1.382,9.1,3185.0
6022,3.0,1.382,9.1,3185.0
6023,3.0,1.382,9.1,3185.0
6024,3.0,1.382,9.1,3185.0
6025,3.0,1.382,9.1,3185.0
6026,3.0,1.382,9.1,3185.0
6027,3.0,1.382,9.1,3185.0
6028,3.0,1.382,9.1,3185.0
6029,3.0,1.382,9.1,3185.0
6030,3.0,1.382,9.1,3185.0
6031,3.0,1.382,9.1,3185.0
6032,3.0,1.382,9.1,3185.0
6033,3.0,1.382,9.1,3185.0
6034,3.0,1.382,9.1,3185.0
6035,3.0,1.382,9.1,3185.0
6036,3.0,1.382,9.1,3185.0
6037,3.0,1.382,9.1,3185.0
6038,3.0,1.382,9.1,3185.0
6041,3.0,1.382,9.1,3185.0
6042,3.0,1.382,9.1,3185.0
6043,3.0,1.382,9.1,3185.0
6044,2.0,1.536,10.1,3535.0
6050,3.0,1.382,9.1,3185.0
6051,3.0,1.382,9.1,3185.0
6052,3.0,1.382,9.1,3185.0
6053,3.0,1.382,9.1,3185.0
6054,3.0,1.382,9.1,3185.0
6055,3.0,1.382,9.1,3185.0
6056,3.0,1.382,9.1,3185.0
6057,3.0,1.382,9.1,3185.0
6058,3.0,1.382,9.1,3185.0
6059,3.0,1.382,9.1,3185.0
6060,3.0,1.382,9.1,3185.0
6061,3.0,1.382,9.1,3185.0
6062,3.0,1.382,9.1,3185.0
6063,3.0,1.382,9.1,3185.0
6064,3.0,1.382,9.1,3185.0
6065,3.0,1.382,9.1,3185.0
6066,3.0,1.382,9.1,3185.0
6067,3.0,1.382,9.1,3185.0
6068,3.0,1.382,9.1,3185.0
6069,3.0,1.382,9.1,3185.0
6070,3.0,1.382,9.1,3185.0
6071,3.0,1.382,9.1,3185.0
6072,3.0,1.382,9.1,3185.0
6073,3.0,1.382,9.1,3185.0
6074,3.0,1.382,9.1,3185.0
6076,3.0,1.382,9.1,3185.0
6077,3.0,1.382,9.1,3185.0
6078,3.0,1.382,9.1,3185.0
6079,3.0,1.382,9.1,3185.0
6081,3.0,1.382,9.1,3185.0
6082,3.0,1.382,9.1,3185.0
6083,3.0,1.382,9.1,3185.0
6084,3.0,1.382,9.1,3185.0
6090,3.0,1.382,9.1,3185.0
6100,3.0,1.382,9.1,3185.0
6101,3.0,1.382,9.1,3185.0
6102,3.0,1.382,9.1,3185.0
6103,3.0,1.382,9.1,3185.0
6104,3.0,1.382,9.1,3185.0
6105,3.0,1.382,9.1,3185.0
6106,3.0,1.382,9.1,3185.0
6107,3.0,1.382,9.1,3185.0
6108,3.0,1.382,9.1,3185.0
6109,3.0,1.382,9.1,3185.0
6110,3.0,1.382,9.1,3185.0
6111,3.0,1.382,9.1,3185.0
6112,3.0,1.382,9.1,3185.0
6121,3.0,1.382,9.1,3185.0
6122,3.0,1.382,9.1,3185.0
6123,3.0,1.382,9.1,3185.0
6124,3.0,1.382,9.1,3185.0
6125,3.0,1.382,9.1,3185.0
6126,3.0,1.382,9.1,3185.0
6147,3.0,1.382,9.1,3185.0
6148,3.0,1.382,9.1,3185.0
6149,3.0,1.382,9.1,3185.0
6150,3.0,1.382,9.1,3185.0
6151,3.0,1.382,9.1,3185.0
6152,3.0,1.382,9.1,3185.0
6153,3.0,1.382,9.1,3185.0
6154,3.0,1.382,9.1,3185.0
6155,3.0,1.382,9.1,3185.0
6156,3.0,1.382,9.1,3185.0
6157,3.0,1.382,9.1,3185.0
6158,3.0,1.382,9.1,3185.0
6159,3.0,1.382,9.1,3185.0
6160,3.0,1.382,9.1,3185.0
6161,3.0,1.382,9.1,3185.0
6162,3.0,1.382,9.1,3185.0
6163,3.0,1.382,9.1,3185.0
6164,3.0,1.382,9.1,3185.0
6165,3.0,1.382,9.1,3185.0
6166,3.0,1.382,9.1,3185.0
6167,3.0,1.382,9.1,3185.0
6168,3.0,1.382,9.1,3185.0
6169,3.0,1.382,9.1,3185.0
6170,3.0,1.382,9.1,3185.0
6171,3.0,1.382,9.1,3185.0
6172,3.0,1.382,9.1,3185.0
6173,3.0,1.382,9.1,3185.0
6174,3.0,1.382,9.1,3185.0
6175,3.0,1.382,9.1,3185.0
6176,3.0,1.382,9.1,3185.0
6180,3.0,1.382,9.1,3185.0
6181,3.0,1.382,9.1,3185.0
6182,3.0,1.382,9.1,3185.0
6207,3.0,1.382,9.1,3185.0
6208,3.0,1.382,9.1,3185.0
6209,3.0,1.382,9.1,3185.0
6210,3.0,1.382,9.1,3185.0
6211,3.0,1.382,9.1,3185.0
6213,3.0,1.382,9.1,3185.0
6214,3.0,1.382,9.1,3185.0
6215,3.0,1.382,9.1,3185.0
6218,3.0,1.382,9.1,3185.0
6220,3.0,1.382,9.1,3185.0
6221,3.0,1.382,9.1,3185.0
6223,3.0,1.382,9.1,3185.0
6224,3.0,1.382,9.1,3185.0
6225,3.0,1.382,9.1,3185.0
6226,3.0,1.382,9.1,3185.0
6227,3.0,1.382,9.1,3185.0
6228,3.0,1.382,9.1,3185.0
6229,3.0,1.382,9.1,3185.0
6230,3.0,1.382,9.1,3185.0
6231,3.0,1.382,9.1,3185.0
6232,3.0,1.382,9.1,3185.0
6233,3.0,1.382,9.1,3185.0
6236,3.0,1.382,9.1,3185.0
6237,3.0,1.382,9.1,3185.0
6239,3.0,1.382,9.1,3185.0
6240,3.0,1.382,9.1,3185.0
6243,3.0,1.382,9.1,3185.0
6244,3.0,1.382,9.1,3185.0
6251,3.0,1.382,9.1,3185.0
6252,3.0,1.382,9.1,3185.0
6253,3.0,1.382,9.1,3185.0
6254,3.0,1.382,9.1,3185.0
6255,3.0,1.382,9.1,3185.0
6256,3.0,1.382,9.1,3185.0
6258,4.0,1.185,7.8,2730.0
6260,4.0,1.185,7.8,2730.0
6262,4.0,1.185,7.8,2730.0
6271,3.0,1.382,9.1,3185.0
6275,3.0,1.382,9.1,3185.0
6280,3.0,1.382,9.1,3185.0
6281,3.0,1.382,9.1,3185.0
6282,3.0,1.382,9.1,3185.0
6284,3.0,1.382,9.1,3185.0
6285,3.0,1.382,9.1,3185.0
6286,3.0,1.382,9.1,3185.0
6288,3.0,1.382,9.1,3185.0
6290,3.0,1.382,9.1,3185.0
6302,3.0,1.382,9.1,3185.0
6304,3.0,1.382,9.1,3185.0
6306,3.0,1.382,9.1,3185.0
6308,3.0,1.382,9.1,3185.0
6309,3.0,1.382,9.1,3185.0
6311,3.0,1.382,9.1,3185.0
6312,3.0,1.382,9.1,3185.0
6313,3.0,1.382,9.1,3185.0
6315,3.0,1.382,9.1,3185.0
6316,3.0,1.382,9.1,3185.0
6317,4.0,1.185,7.8,2730.0
6318,4.0,1.185,7.8,2730.0
6320,4.0,1.185,7.8,2730.0
6321,4.0,1.185,7.8,2730.0
6322,4.0,1.185,7.8,2730.0
6323,4.0,1.185,7.8,2730.0
6324,4.0,1.185,7.8,2730.0
6326,4.0,1.185,7.8,2730.0
6327,4.0,1.185,7.8,2730.0
6328,4.0,1.185,7.8,2730.0
6330,4.0,1.185,7.8,2730.0
6331,4.0,1.185,7.8,2730.0
6332,4.0,1.185,7.8,2730.0
6333,4.0,1.185,7.8,2730.0
6335,4.0,1.185,7.8,2730.0
6336,4.0,1.185,7.8,2730.0
6337,4.0,1.185,7.8,2730.0
6338,4.0,1.185,7.8,2730.0
6341,4.0,1.185,7.8,2730.0
6343,4.0,1.185,7.8,2730.0
6346,4.0,1.185,7.8,2730.0
6348,4.0,1.185,7.8,2730.0
6350,3.0,1.382,9.1,3185.0
6351,3.0,1.382,9.1,3185.0
6352,3.0,1.382,9.1,3185.0
6353,3.0,1.382,9.1,3185.0
6355,4.0,1.185,7.8,2730.0
6356,4.0,1.185,7.8,2730.0
6357,3.0,1.382,9.1,3185.0
6358,3.0,1.382,9.1,3185.0
6359,3.0,1.382,9.1,3185.0
6361,3.0,1.382,9.1,3185.0
6363,3.0,1.382,9.1,3185.0
6365,3.0,1.382,9.1,3185.0
6367,3.0,1.382,9.1,3185.0
6368,3.0,1.382,9.1,3185.0
6369,3.0,1.382,9.1,3185.0
6370,3.0,1.382,9.1,3185.0
6372,3.0,1.382,9.1,3185.0
6373,3.0,1.382,9.1,3185.0
6375,3.0,1.382,9.1,3185.0
6383,3.0,1.382,9.1,3185.0
6384,3.0,1.382,9.1,3185.0
6385,3.0,1.382,9.1,3185.0
6386,3.0,1.382,9.1,3185.0
6390,3.0,1.382,9.1,3185.0
6391,3.0,1.382,9.1,3185.0
6392,3.0,1.382,9.1,3185.0
6393,3.0,1.382,9.1,3185.0
6394,3.0,1.382,9.1,3185.0
6395,4.0,1.185,7.8,2730.0
6396,4.0,1.185,7.8,2730.0
6397,4.0,1.185,7.8,2730.0
6398,4.0,1.185,7.8,2730.0
6401,3.0,1.382,9.1,3185.0
6403,3.0,1.382,9.1,3185.0
6405,3.0,1.382,9.1,3185.0
6407,3.0,1.382,9.1,3185.0
6409,3.0,1.382,9.1,3185.0
6410,3.0,1.382,9.1,3185.0
6411,3.0,1.382,9.1,3185.0
6412,3.0,1.382,9.1,3185.0
6413,3.0,1.382,9.1,3185.0
6414,3.0,1.382,9.1,3185.0
6415,3.0,1.382,9.1,3185.0
6418,3.0,1.382,9.1,3185.0
6419,3.0,1.382,9.1,3185.0
6420,3.0,1.382,9.1,3185.0
6421,3.0,1.382,9.1,3185.0
6422,3.0,1.382,9.1,3185.0
6423,3.0,1.382,9.1,3185.0
6424,3.0,1.382,9.1,3185.0
6425,3.0,1.382,9.1,3185.0
6426,3.0,1.382,9.1,3185.0
6427,3.0,1.382,9.1,3185.0
6428,3.0,1.382,9.1,3185.0
6429,3.0,1.382,9.1,3185.0
6430,3.0,1.382,9.1,3185.0
6431,2.0,1.536,10.1,3535.0
6432,3.0,1.382,9.1,3185.0
6433,3.0,1.382,9.1,3185.0
6434,2.0,1.536,10.1,3535.0
6435,2.0,1.536,10.1,3535.0
6436,2.0,1.536,10.1,3535.0
6437,2.0,1.536,10.1,3535.0
6438,2.0,1.536,10.1,3535.0
6440,2.0,1.536,10.1,3535.0
6442,3.0,1.382,9.1,3185.0
6443,3.0,1.382,9.1,3185.0
6445,4.0,1.185,7.8,2730.0
6446,4.0,1.185,7.8,2730.0
6447,4.0,1.185,7.8,2730.0
6448,4.0,1.185,7.8,2730.0
6450,4.0,1.185,7.8,2730.0
6452,4.0,1.185,7.8,2730.0
6460,3.0,1.382,9.1,3185.0
6461,3.0,1.382,9.1,3185.0
6462,3.0,1.382,9.1,3185.0
6463,3.0,1.382,9.1,3185.0
6465,3.0,1.382,9.1,3185.0
6466,3.0,1.382,9.1,3185.0
6467,3.0,1.382,9.1,3185.0
6468,2.0,1.536,10.1,3535.0
6470,3.0,1.382,9.1,3185.0
6472,2.0,1.536,10.1,3535.0
6473,3.0,1.382,9.1,3185.0
6475,3.0,1.382,9.1,3185.0
6476,3.0,1.382,9.1,3185.0
6477,3.0,1.382,9.1,3185.0
6479,3.0,1.382,9.1,3185.0
6480,3.0,1.382,9.1,3185.0
6484,3.0,1.382,9.1,3185.0
6485,3.0,1.382,9.1,3185.0
6487,3.0,1.382,9.1,3185.0
6488,3.0,1.382,9.1,3185.0
6489,3.0,1.382,9.1,3185.0
6490,3.0,1.382,9.1,3185.0
6501,3.0,1.382,9.1,3185.0
6502,3.0,1.382,9.1,3185.0
6503,3.0,1.382,9.1,3185.0
6504,3.0,1.382,9.1,3185.0
6505,3.0,1.382,9.1,3185.0
6506,3.0,1.382,9.1,3185.0
6507,2.0,1.536,10.1,3535.0
6509,3.0,1.382,9.1,3185.0
6510,2.0,1.536,10.1,3535.0
6511,2.0,1.536,10.1,3535.0
6512,2.0,1.536,10.1,3535.0
6513,2.0,1.536,10.1,3535.0
6514,2.0,1.536,10.1,3535.0
6515,2.0,1.536,10.1,3535.0
6516,2.0,1.536,10.1,3535.0
6517,2.0,1.536,10.1,3535.0
6518,2.0,1.536,10.1,3535.0
6519,2.0,1.536,10.1,3535.0
6521,2.0,1.536,10.1,3535.0
6522,2.0,1.536,10.1,3535.0
6525,2.0,1.536,10.1,3535.0
6528,2.0,1.536,10.1,3535.0
6530,2.0,1.536,10.1,3535.0
6531,2.0,1.536,10.1,3535.0
6532,2.0,1.536,10.1,3535.0
6535,2.0,1.536,10.1,3535.0
6536,2.0,1.536,10.1,3535.0
6537,1.0,1.6219999999999999,10.7,3745.0
6556,3.0,1.382,9.1,3185.0
6558,3.0,1.382,9.1,3185.0
6560,3.0,1.382,9.1,3185.0
6562,3.0,1.382,9.1,3185.0
6564,3.0,1.382,9.1,3185.0
6566,3.0,1.382,9.1,3185.0
6567,3.0,1.382,9.1,3185.0
6568,3.0,1.382,9.1,3185.0
6569,3.0,1.382,9.1,3185.0
6571,3.0,1.382,9.1,3185.0
6572,3.0,1.382,9.1,3185.0
6574,2.0,1.536,10.1,3535.0
6575,2.0,1.536,10.1,3535.0
6603,3.0,1.382,9.1,3185.0
6605,3.0,1.382,9.1,3185.0
6606,3.0,1.382,9.1,3185.0
6608,2.0,1.536,10.1,3535.0
6609,2.0,1.536,10.1,3535.0
6612,2.0,1.536,10.1,3535.0
6613,2.0,1.536,10.1,3535.0
6614,2.0,1.536,10.1,3535.0
6616,2.0,1.536,10.1,3535.0
6620,2.0,1.536,10.1,3535.0
6623,2.0,1.536,10.1,3535.0
6625,2.0,1.536,10.1,3535.0
6627,2.0,1.536,10.1,3535.0
6628,2.0,1.536,10.1,3535.0
6630,2.0,1.536,10.1,3535.0
6631,2.0,1.536,10.1,3535.0
6632,2.0,1.536,10.1,3535.0
6635,2.0,1.536,10.1,3535.0
6638,2.0,1.536,10.1,3535.0
6639,2.0,1.536,10.1,3535.0
6640,2.0,1.536,10.1,3535.0
6642,1.0,1.6219999999999999,10.7,3745.0
6646,1.0,1.6219999999999999,10.7,3745.0
6701,1.0,1.6219999999999999,10.7,3745.0
6705,1.0,1.6219999999999999,10.7,3745.0
6707,1.0,1.6219999999999999,10.7,3745.0
6710,1.0,1.6219999999999999,10.7,3745.0
6711,1.0,1.6219999999999999,10.7,3745.0
6712,1.0,1.6219999999999999,10.7,3745.0
6713,1.0,1.6219999999999999,10.7,3745.0
6714,1.0,1.6219999999999999,10.7,3745.0
6716,1.0,1.6219999999999999,10.7,3745.0
6718,1.0,1.6219999999999999,10.7,3745.0
6720,1.0,1.6219999999999999,10.7,3745.0
6721,1.0,1.6219999999999999,10.7,3745.0
6722,1.0,1.6219999999999999,10.7,3745.0
6723,1.0,1.6219999999999999,10.7,3745.0
6725,2.0,1.536,10.1,3535.0
6726,2.0,1.536,10.1,3535.0
6728,2.0,1.536,10.1,3535.0
6731,2.0,1.536,10.1,3535.0
6733,2.0,1.536,10.1,3535.0
6740,2.0,1.536,10.1,3535.0
6743,2.0,1.536,10.1,3535.0
6751,1.0,1.6219999999999999,10.7,3745.0
6753,1.0,1.6219999999999999,10.7,3745.0
6754,1.0,1.6219999999999999,10.7,3745.0
6758,1.0,1.6219999999999999,10.7,3745.0
6760,1.0,1.6219999999999999,10.7,3745.0
6761,1.0,1.6219999999999999,10.7,3745.0
6762,1.0,1.6219999999999999,10.7,3745.0
6765,2.0,1.536,10.1,3535.0
6770,1.0,1.6219999999999999,10.7,3745.0
6798,2.0,1.536,10.1,3535.0
6799,2.0,1.536,10.1,3535.0
6800,3.0,1.382,9.1,3185.0
6803,3.0,1.382,9.1,3185.0
6809,3.0,1.382,9.1,3185.0
6817,3.0,1.382,9.1,3185.0
6820,3.0,1.382,9.1,3185.0
6827,3.0,1.382,9.1,3185.0
6830,3.0,1.382,9.1,3185.0
6831,3.0,1.382,9.1,3185.0
6832,3.0,1.382,9.1,3185.0
6837,3.0,1.382,9.1,3185.0
6838,3.0,1.382,9.1,3185.0
6839,3.0,1.382,9.1,3185.0
6840,3.0,1.382,9.1,3185.0
6841,3.0,1.382,9.1,3185.0
6842,3.0,1.382,9.1,3185.0
6843,3.0,1.382,9.1,3185.0
6844,3.0,1.382,9.1,3185.0
6845,3.0,1.382,9.1,3185.0
6846,3.0,1.382,9.1,3185.0
6847,3.0,1.382,9.1,3185.0
6848,3.0,1.382,9.1,3185.0
6849,3.0,1.382,9.1,3185.0
6850,3.0,1.382,9.1,3185.0
6865,3.0,1.382,9.1,3185.0
6872,3.0,1.382,9.1,3185.0
6892,3.0,1.382,9.1,3185.0
6900,3.0,1.382,9.1,3185.0
6901,3.0,1.382,9.1,3185.0
6902,3.0,1.382,9.1,3185.0
6903,3.0,1.382,9.1,3185.0
6904,3.0,1.382,9.1,3185.0
6905,3.0,1.382,9.1,3185.0
6906,3.0,1.382,9.1,3185.0
6907,3.0,1.382,9.1,3185.0
6909,3.0,1.382,9.1,3185.0
6910,3.0,1.382,9.1,3185.0
6911,3.0,1.382,9.1,3185.0
6912,3.0,1.382,9.1,3185.0
6913,3.0,1.382,9.1,3185.0
6914,3.0,1.382,9.1,3185.0
6915,3.0,1.382,9.1,3185.0
6916,3.0,1.382,9.1,3185.0
6917,3.0,1.382,9.1,3185.0
6918,3.0,1.382,9.1,3185.0
6919,3.0,1.382,9.1,3185.0
6920,3.0,1.382,9.1,3185.0
6921,3.0,1.382,9.1,3185.0
6922,3.0,1.382,9.1,3185.0
6923,3.0,1.382,9.1,3185.0
6924,3.0,1.382,9.1,3185.0
6925,3.0,1.382,9.1,3185.0
6926,3.0,1.382,9.1,3185.0
6929,3.0,1.382,9.1,3185.0
6931,3.0,1.382,9.1,3185.0
6932,3.0,1.382,9.1,3185.0
6933,3.0,1.382,9.1,3185.0
6934,3.0,1.382,9.1,3185.0
6935,3.0,1.382,9.1,3185.0
6936,3.0,1.382,9.1,3185.0
6937,3.0,1.382,9.1,3185.0
6938,3.0,1.382,9.1,3185.0
6939,3.0,1.382,9.1,3185.0
6940,3.0,1.382,9.1,3185.0
6941,3.0,1.382,9.1,3185.0
6942,3.0,1.382,9.1,3185.0
6943,3.0,1.382,9.1,3185.0
6944,3.0,1.382,9.1,3185.0
6945,3.0,1.382,9.1,3185.0
6946,3.0,1.382,9.1,3185.0
6947,3.0,1.382,9.1,3185.0
6951,3.0,1.382,9.1,3185.0
6952,3.0,1.382,9.1,3185.0
6953,3.0,1.382,9.1,3185.0
6954,3.0,1.382,9.1,3185.0
6955,3.0,1.382,9.1,3185.0
6956,3.0,1.382,9.1,3185.0
6957,3.0,1.382,9.1,3185.0
6958,3.0,1.382,9.1,3185.0
6959,3.0,1.382,9.1,3185.0
6960,3.0,1.382,9.1,3185.0
6961,3.0,1.382,9.1,3185.0
6963,3.0,1.382,9.1,3185.0
6964,3.0,1.382,9.1,3185.0
6965,3.0,1.382,9.1,3185.0
6966,3.0,1.382,9.1,3185.0
6967,3.0,1.382,9.1,3185.0
6968,3.0,1.382,9.1,3185.0
6969,3.0,1.382,9.1,3185.0
6970,3.0,1.382,9.1,3185.0
6979,3.0,1.382,9.1,3185.0
6980,3.0,1.382,9.1,3185.0
6981,3.0,1.382,9.1,3185.0
6982,3.0,1.382,9.1,3185.0
6983,3.0,1.382,9.1,3185.0
6984,3.0,1.382,9.1,3185.0
6985,3.0,1.382,9.1,3185.0
6986,3.0,1.382,9.1,3185.0
6987,3.0,1.382,9.1,3185.0
6988,3.0,1.382,9.1,3185.0
6989,3.0,1.382,9.1,3185.0
6990,3.0,1.382,9.1,3185.0
6991,3.0,1.382,9.1,3185.0
6992,3.0,1.382,9.1,3185.0
6997,3.0,1.382,9.1,3185.0
7000,4.0,1.185,7.8,2730.0
7001,4.0,1.185,7.8,2730.0
7002,4.0,1.185,7.8,2730.0
7004,4.0,1.185,7.8,2730.0
7005,4.0,1.185,7.8,2730.0
7006,4.0,1.185,7.8,2730.0
7007,4.0,1.185,7.8,2730.0
7008,4.0,1.185,7.8,2730.0
7009,4.0,1.185,7.8,2730.0
7010,4.0,1.185,7.8,2730.0
7011,4.0,1.185,7.8,2730.0
7012,4.0,1.185,7.8,2730.0
7015,4.0,1.185,7.8,2730.0
7016,4.0,1.185,7.8,2730.0
7017,4.0,1.185,7.8,2730.0
7018,4.0,1.185,7.8,2730.0
7019,4.0,1.185,7.8,2730.0
7020,4.0,1.185,7.8,2730.0
7021,4.0,1.185,7.8,2730.0
7022,4.0,1.185,7.8,2730.0
7023,4.0,1.185,7.8,2730.0
7024,4.0,1.185,7.8,2730.0
7025,4.0,1.185,7.8,2730.0
7026,4.0,1.185,7.8,2730.0
7027,4.0,1.185,7.8,2730.0
7030,4.0,1.185,7.8,2730.0
7050,4.0,1.185,7.8,2730.0
7051,4.0,1.185,7.8,2730.0
7052,4.0,1.185,7.8,2730.0
7053,4.0,1.185,7.8,2730.0
7054,4.0,1.185,7.8,2730.0
7055,4.0,1.185,7.8,2730.0
7109,4.0,1.185,7.8,2730.0
7112,4.0,1.185,7.8,2730.0
7113,4.0,1.185,7.8,2730.0
7116,4.0,1.185,7.8,2730.0
7117,4.0,1.185,7.8,2730.0
7119,4.0,1.185,7.8,2730.0
7120,4.0,1.185,7.8,2730.0
7139,4.0,1.185,7.8,2730.0
7140,4.0,1.185,7.8,2730.0
7150,4.0,1.185,7.8,2730.0
7151,4.0,1.185,7.8,2730.0
7155,4.0,1.185,7.8,2730.0
7162,4.0,1.185,7.8,2730.0
7163,4.0,1.185,7.8,2730.0
7170,4.0,1.185,7.8,2730.0
7171,4.0,1.185,7.8,2730.0
7172,4.0,1.185,7.8,2730.0
7173,4.0,1.185,7.8,2730.0
7174,4.0,1.185,7.8,2730.0
7175,4.0,1.185,7.8,2730.0
7176,4.0,1.185,7.8,2730.0
7177,4.0,1.185,7.8,2730.0
7178,4.0,1.185,7.8,2730.0
7179,4.0,1.185,7.8,2730.0
7180,4.0,1.185,7.8,2730.0
7182,4.0,1.185,7.8,2730.0
7183,4.0,1.185,7.8,2730.0
7184,4.0,1.185,7.8,2730.0
7185,4.0,1.185,7.8,2730.0
7186,4.0,1.185,7.8,2730.0
7187,4.0,1.185,7.8,2730.0
7190,4.0,1.185,7.8,2730.0
7209,4.0,1.185,7.8,2730.0
7210,4.0,1.185,7.8,2730.0
7211,4.0,1.185,7.8,2730.0
7212,4.0,1.185,7.8,2730.0
7213,4.0,1.185,7.8,2730.0
7214,4.0,1.185,7.8,2730.0
7215,4.0,1.185,7.8,2730.0
7216,4.0,1.185,7.8,2730.0
7248,4.0,1.185,7.8,2730.0
7249,4.0,1.185,7.8,2730.0
7250,4.0,1.185,7.8,2730.0
7252,4.0,1.185,7.8,2730.0
7253,4.0,1.185,7.8,2730.0
7254,4.0,1.185,7.8,2730.0
7255,4.0,1.185,7.8,2730.0
7256,4.0,1.185,7.8,2730.0
7257,4.0,1.185,7.8,2730.0
7258,4.0,1.185,7.8,2730.0
7259,4.0,1.185,7.8,2730.0
7260,4.0,1.185,7.8,2730.0
7261,4.0,1.185,7.8,2730.0
7262,4.0,1.185,7.8,2730.0
7263,4.0,1.185,7.8,2730.0
7264,4.0,1.185,7.8,2730.0
7265,4.0,1.185,7.8,2730.0
7267,4.0,1.185,7.8,2730.0
7268,4.0,1.185,7.8,2730.0
7270,4.0,1.185,7.8,2730.0
7275,4.0,1.185,7.8,2730.0
7276,4.0,1.185,7.8,2730.0
7277,4.0,1.185,7.8,2730.0
7290,4.0,1.185,7.8,2730.0
7291,4.0,1.185,7.8,2730.0
7292,4.0,1.185,7.8,2730.0
7300,4.0,1.185,7.8,2730.0
7301,4.0,1.185,7.8,2730.0
7302,4.0,1.185,7.8,2730.0
7303,4.0,1.185,7.8,2730.0
7304,4.0,1.185,7.8,2730.0
7305,4.0,1.185,7.8,2730.0
7306,4.0,1.185,7.8,2730.0
7307,4.0,1.185,7.8,2730.0
7310,4.0,1.185,7.8,2730.0
7315,4.0,1.185,7.8,2730.0
7316,4.0,1.185,7.8,2730.0
7320,4.0,1.185,7.8,2730.0
7321,4.0,1.185,7.8,2730.0
7322,4.0,1.185,7.8,2730.0
7325,4.0,1.185,7.8,2730.0
7330,4.0,1.185,7.8,2730.0
7331,4.0,1.185,7.8,2730.0
7466,4.0,1.185,7.8,2730.0
7467,4.0,1.185,7.8,2730.0
7468,4.0,1.185,7.8,2730.0
7469,4.0,1.185,7.8,2730.0
7470,4.0,1.185,7.8,2730.0
8001,4.0,1.185,7.8,2730.0
8002,4.0,1.185,7.8,2730.0
8003,4.0,1.185,7.8,2730.0
8004,4.0,1.185,7.8,2730.0
8005,4.0,1.185,7.8,2730.0
8006,4.0,1.185,7.8,2730.0
8007,4.0,1.185,7.8,2730.0
8008,4.0,1.185,7.8,2730.0
8009,4.0,1.185,7.8,2730.0
8010,4.0,1.185,7.8,2730.0
8011,4.0,1.185,7.8,2730.0
8012,4.0,1.185,7.8,2730.0
8045,4.0,1.185,7.8,2730.0
8051,4.0,1.185,7.8,2730.0
8066,4.0,1.185,7.8,2730.0
8069,4.0,1.185,7.8,2730.0
8070,4.0,1.185,7.8,2730.0
8071,4.0,1.185,7.8,2730.0
8102,4.0,1.185,7.8,2730.0
8107,4.0,1.185,7.8,2730.0
8111,4.0,1.185,7.8,2730.0
8120,4.0,1.185,7.8,2730.0
8205,4.0,1.185,7.8,2730.0
8785,4.0,1.185,7.8,2730.0
9000,3.0,1.382,9.1,3185.0
9001,3.0,1.382,9.1,3185.0
9002,3.0,1.382,9.1,3185.0
9005,3.0,1.382,9.1,3185.0
9007,3.0,1.382,9.1,3185.0
9009,3.0,1.382,9.1,3185.0
9010,3.0,1.382,9.1,3185.0
9013,3.0,1.382,9.1,3185.0
9015,3.0,1.382,9.1,3185.0
9464,3.0,1.382,9.1,3185.0
9726,3.0,1.382,9.1,3185.0
